competition,season,team_name,player_id,player_name,pos_primary,DEFENSE__playing_time_min,DEFENSE__playing_time_90s,DEFENSE__tackles_tkl,DEFENSE__tackles_tklw,DEFENSE__tackles_def_3rd,DEFENSE__tackles_mid_3rd,DEFENSE__tackles_att_3rd,DEFENSE__challenges_tkl,DEFENSE__challenges_att,DEFENSE__challenges_tkl_pct,DEFENSE__challenges_lost,DEFENSE__blocks_blocks,DEFENSE__blocks_sh,DEFENSE__blocks_pass,DEFENSE__int,DEFENSE__clr,DEFENSE__err,GCA__playing_time_min,GCA__playing_time_90s,GCA__sca_sca90,GCA__sca_types_passlive,GCA__sca_types_to,GCA__sca_types_def,GCA__gca_gca90,GCA__gca_types_passlive,GCA__gca_types_to,GCA__gca_types_def,KEEPER__playing_time_min,KEEPER__playing_time_90s,KEEPER__ga,KEEPER__ga90,KEEPER__sota,KEEPER__saves,KEEPER__save_pct,KEEPER__cs,KEEPER__cs_pct,KEEPER__pk_att,KEEPER__pk_allowed,KEEPER__pk_saved,KEEPER__pk_missed,KEEPER__pk_save_pct,PLAYING_TIME__playing_time_min,PLAYING_TIME__playing_time_90s,PLAYING_TIME__playing_time_min_pct,PLAYING_TIME__mp,PLAYING_TIME__starts_starts,PLAYING_TIME__starts_compl,PLAYING_TIME__subs_subs,PLAYING_TIME__subs_unsub,PLAYING_TIME__team_success_ppm,PLAYING_TIME__team_success_ong,PLAYING_TIME__team_success_onga,PLAYING_TIME__team_success_plusminus,PLAYING_TIME__team_success_plusminus_90,PLAYING_TIME__team_success_on_off,PLAYING_TIME__team_xg_onxg,PLAYING_TIME__team_xg_onxga,PLAYING_TIME__team_xg_plusminus,PLAYING_TIME__team_xg_plusminus_90,PLAYING_TIME__team_xg_on_off,SHOOTING__playing_time_min,SHOOTING__playing_time_90s,SHOOTING__standard_gls,SHOOTING__standard_sh,SHOOTING__standard_sot,SHOOTING__standard_sot_pct,SHOOTING__standard_sh_per90,SHOOTING__standard_sot_per90,SHOOTING__standard_g_sh,SHOOTING__standard_g_sot,SHOOTING__standard_dist,SHOOTING__standard_fk,SHOOTING__standard_pk,SHOOTING__standard_pkatt,SHOOTING__expected_xg,SHOOTING__expected_npxg,SHOOTING__expected_npxg_sh,SHOOTING__expected_np_g_minus_xg,SHOOTING__expected_g_minus_xg
Serbian Superliga,2021-2022,Radnički Kragujevac,c75be852,Đorđe Lazović,GK,,,,,,,,,,,,,,,,,,,,,,,,,,,,,,,,,,,,,,,,,,,,,,0.0,0.0,0.0,5.0,,,,,,,,,,,,,,,,,,,,,,,,,,,,,,
Serbian Superliga,2021-2022,Radnički Kragujevac,b63794af,Đorđe Maksimović,FW,,,,,,,,,,,,,,,,,,,,,,,,,,,,,,,,,,,,,,,,,,540.0,6.0,16.2,17.0,3.0,1.0,14.0,2.0,1.12,7.0,4.0,3.0,0.5,1.44,,,,,,,6.0,2.0,,,,,,,,,,0.0,0.0,,,,,
Serbian Superliga,2022-2023,Radnički Kragujevac,b63794af,Đorđe Maksimović,FW,,,,,,,,,,,,,,,,,,,,,,,,,,,,,,,,,,,,,,,,,,771.0,8.6,23.2,25.0,5.0,0.0,20.0,6.0,1.08,7.0,11.0,-4.0,-0.47,-0.4,,,,,,,8.6,0.0,,,,,,,,,,0.0,0.0,,,,,
Serbian Superliga,2024-2025,Mladost Lučani,bef1c208,Đorđe Marinković,MF,,,,,,,,,,,,,,,,,,,,,,,,,,,,,,,,,,,,,,,,,,22.0,0.2,0.7,4.0,0.0,0.0,4.0,13.0,0.0,1.0,1.0,0.0,0.0,0.27,,,,,,,0.2,0.0,0.0,0.0,,0.0,0.0,,,,,0.0,0.0,,,,,
Serbian Superliga,2025-2026,Mladost Lučani,bef1c208,Đorđe Marinković,MF,,,,,,,,,,,,,,,,,,,,,,,,,,,,,,,,,,,,,,,,,,,,,0.0,0.0,0.0,0.0,4.0,,,,,,,,,,,,,,,,,,,,,,,,,,,,,,
Serbian Superliga,2021-2022,Fk Kolubara,03121573,Đorđe Milovanović,GK,,,,,,,,,,,,,,,,,,,,,,,,,,,,13.0,0.1,,,,,,0.0,,0.0,0.0,0.0,0.0,,13.0,0.1,0.4,1.0,0.0,0.0,1.0,4.0,0.0,0.0,1.0,-1.0,-6.92,-6.33,,,,,,,0.1,0.0,,,,,,,,,,0.0,0.0,,,,,
Conference League,2021-2022,Basel,3acadb7f,Đorđe Nikolić,GK,,,,,,,,,,,,,,,,,,,,,,,,,,,,,,,,,,,,,,,,,,,,,,0.0,0.0,0.0,6.0,,,,,,,,,,,,,,,,,,,,,,,,,,,,,,
Nb I,2022-2023,Újpest,3acadb7f,Đorđe Nikolić,GK,,,,,,,,,,,,,,,,,,,,,,,,,,,,2060.0,22.9,,,,,,5.0,21.7,1.0,1.0,0.0,0.0,0.0,2060.0,22.9,73.8,23.0,23.0,22.0,0.0,1.0,1.26,31.0,37.0,-6.0,-0.26,0.6,,,,,,,22.9,0.0,,,,,,,,,,0.0,0.0,,,,,
Super Lig,2023-2024,Sivasspor,3acadb7f,Đorđe Nikolić,GK,,,,,,,,,,,,,,,,,,,,,,,,,,,,450.0,5.0,3.0,0.6,24.0,21.0,87.5,1.0,20.0,0.0,0.0,0.0,0.0,,450.0,5.0,13.2,5.0,5.0,5.0,0.0,11.0,2.4,7.0,3.0,4.0,0.8,1.13,,,,,,,5.0,0.0,0.0,0.0,,0.0,0.0,,,,,0.0,0.0,,,,,
Nb I,2023-2024,Újpest,3acadb7f,Đorđe Nikolić,GK,,,,,,,,,,,,,,,,,,,,,,,,,,,,450.0,5.0,,,,,,0.0,0.0,0.0,0.0,0.0,0.0,,450.0,5.0,15.2,5.0,5.0,5.0,0.0,8.0,1.0,8.0,9.0,-1.0,-0.2,0.55,,,,,,,5.0,0.0,,,,,,,,,,0.0,0.0,,,,,
Super Lig,2024-2025,Sivasspor,3acadb7f,Đorđe Nikolić,GK,,,,,,,,,,,,,,,,,,,,,,,,,,,,945.0,10.5,20.0,1.9,41.0,25.0,58.5,1.0,9.1,4.0,3.0,1.0,0.0,25.0,945.0,10.5,29.2,11.0,11.0,10.0,0.0,16.0,1.27,14.0,20.0,-6.0,-0.57,-0.18,,,,,,,10.5,0.0,0.0,0.0,,0.0,0.0,,,,,0.0,0.0,,,,,
Serbian Superliga,2020-2021,Inđija,f5010e1f,Đorđe Pantelić,FW,,,,,,,,,,,,,,,,,,,,,,,,,,,,,,,,,,,,,,,,,,852.0,9.5,24.9,18.0,9.0,2.0,9.0,1.0,0.78,8.0,16.0,-8.0,-0.85,0.17,,,,,,,9.5,0.0,,,,,,,,,,0.0,0.0,,,,,
Serbian Superliga,2020-2021,Vojvodina,f5010e1f,Đorđe Pantelić,FW,,,,,,,,,,,,,,,,,,,,,,,,,,,,,,,,,,,,,,,,,,10.0,0.1,0.3,1.0,0.0,0.0,1.0,11.0,3.0,0.0,0.0,0.0,0.0,-0.55,,,,,,,0.1,0.0,,,,,,,,,,0.0,0.0,,,,,
Premier League,2018-2019,Bournemouth,0cf321c8,Đorđe Petrović,GK,,2.0,0.0,0.0,0.0,0.0,0.0,0.0,0.0,,0.0,0.0,0.0,0.0,0.0,4.0,0.0,,2.0,0.0,0.0,0.0,0.0,0.0,0.0,0.0,0.0,180.0,2.0,4.0,2.0,11.0,7.0,63.6,1.0,50.0,0.0,0.0,0.0,0.0,,180.0,2.0,100.0,2.0,2.0,2.0,0.0,0.0,1.5,3.0,4.0,-1.0,-0.5,,3.0,2.7,0.3,0.16,,,2.0,0.0,0.0,0.0,,0.0,0.0,,,,0.0,0.0,0.0,0.0,0.0,,0.0,0.0
Premier League,2019-2020,Bournemouth,0cf321c8,Đorđe Petrović,GK,,2.0,0.0,0.0,0.0,0.0,0.0,0.0,0.0,,0.0,0.0,0.0,0.0,0.0,4.0,0.0,,2.0,0.0,0.0,0.0,0.0,0.0,0.0,0.0,0.0,180.0,2.0,4.0,2.0,11.0,7.0,63.6,1.0,50.0,0.0,0.0,0.0,0.0,,180.0,2.0,100.0,2.0,2.0,2.0,0.0,0.0,1.5,3.0,4.0,-1.0,-0.5,,3.0,2.7,0.3,0.16,,,2.0,0.0,0.0,0.0,,0.0,0.0,,,,0.0,0.0,0.0,0.0,0.0,,0.0,0.0
Serbian Superliga,2019-2020,Čukarički,0cf321c8,Đorđe Petrović,GK,,,,,,,,,,,,,,,,,,,,,,,,,,,,1890.0,21.0,,,,,,6.0,28.6,2.0,2.0,0.0,0.0,0.0,1890.0,21.0,70.0,21.0,21.0,21.0,0.0,8.0,1.48,26.0,26.0,0.0,0.0,-0.67,,,,,,,21.0,0.0,,,,,,,,,,0.0,0.0,,,,,
Premier League,2020-2021,Bournemouth,0cf321c8,Đorđe Petrović,GK,,2.0,0.0,0.0,0.0,0.0,0.0,0.0,0.0,,0.0,0.0,0.0,0.0,0.0,4.0,0.0,,2.0,0.0,0.0,0.0,0.0,0.0,0.0,0.0,0.0,180.0,2.0,4.0,2.0,11.0,7.0,63.6,1.0,50.0,0.0,0.0,0.0,0.0,,180.0,2.0,100.0,2.0,2.0,2.0,0.0,0.0,1.5,3.0,4.0,-1.0,-0.5,,3.0,2.7,0.3,0.16,,,2.0,0.0,0.0,0.0,,0.0,0.0,,,,0.0,0.0,0.0,0.0,0.0,,0.0,0.0
Serbian Superliga,2020-2021,Čukarički,0cf321c8,Đorđe Petrović,GK,,,,,,,,,,,,,,,,,,,,,,,,,,,,3060.0,34.0,,,,,,17.0,50.0,4.0,4.0,0.0,0.0,0.0,3060.0,34.0,89.5,34.0,34.0,34.0,0.0,3.0,1.97,63.0,29.0,34.0,1.0,0.75,,,,,,,34.0,0.0,,,,,,,,,,0.0,0.0,,,,,
Premier League,2021-2022,Bournemouth,0cf321c8,Đorđe Petrović,GK,,2.0,0.0,0.0,0.0,0.0,0.0,0.0,0.0,,0.0,0.0,0.0,0.0,0.0,4.0,0.0,,2.0,0.0,0.0,0.0,0.0,0.0,0.0,0.0,0.0,180.0,2.0,4.0,2.0,11.0,7.0,63.6,1.0,50.0,0.0,0.0,0.0,0.0,,180.0,2.0,100.0,2.0,2.0,2.0,0.0,0.0,1.5,3.0,4.0,-1.0,-0.5,,3.0,2.7,0.3,0.16,,,2.0,0.0,0.0,0.0,,0.0,0.0,,,,0.0,0.0,0.0,0.0,0.0,,0.0,0.0
Serbian Superliga,2021-2022,Čukarički,0cf321c8,Đorđe Petrović,GK,,,,,,,,,,,,,,,,,,,,,,,,,,,,2070.0,23.0,,,,,,7.0,30.4,3.0,3.0,0.0,0.0,0.0,2070.0,23.0,62.2,23.0,23.0,23.0,0.0,1.0,2.04,41.0,20.0,21.0,0.91,0.98,,,,,,,23.0,0.0,,,,,,,,,,0.0,0.0,,,,,
Premier League,2022-2023,Bournemouth,0cf321c8,Đorđe Petrović,GK,,2.0,0.0,0.0,0.0,0.0,0.0,0.0,0.0,,0.0,0.0,0.0,0.0,0.0,4.0,0.0,,2.0,0.0,0.0,0.0,0.0,0.0,0.0,0.0,0.0,180.0,2.0,4.0,2.0,11.0,7.0,63.6,1.0,50.0,0.0,0.0,0.0,0.0,,180.0,2.0,100.0,2.0,2.0,2.0,0.0,0.0,1.5,3.0,4.0,-1.0,-0.5,,3.0,2.7,0.3,0.16,,,2.0,0.0,0.0,0.0,,0.0,0.0,,,,0.0,0.0,0.0,0.0,0.0,,0.0,0.0
Premier League,2023-2024,Bournemouth,0cf321c8,Đorđe Petrović,GK,,2.0,0.0,0.0,0.0,0.0,0.0,0.0,0.0,,0.0,0.0,0.0,0.0,0.0,4.0,0.0,,2.0,0.0,0.0,0.0,0.0,0.0,0.0,0.0,0.0,180.0,2.0,4.0,2.0,11.0,7.0,63.6,1.0,50.0,0.0,0.0,0.0,0.0,,180.0,2.0,100.0,2.0,2.0,2.0,0.0,0.0,1.5,3.0,4.0,-1.0,-0.5,,3.0,2.7,0.3,0.16,,,2.0,0.0,0.0,0.0,,0.0,0.0,,,,0.0,0.0,0.0,0.0,0.0,,0.0,0.0
Premier League,2024-2025,Bournemouth,0cf321c8,Đorđe Petrović,GK,,2.0,0.0,0.0,0.0,0.0,0.0,0.0,0.0,,0.0,0.0,0.0,0.0,0.0,4.0,0.0,,2.0,0.0,0.0,0.0,0.0,0.0,0.0,0.0,0.0,180.0,2.0,4.0,2.0,11.0,7.0,63.6,1.0,50.0,0.0,0.0,0.0,0.0,,180.0,2.0,100.0,2.0,2.0,2.0,0.0,0.0,1.5,3.0,4.0,-1.0,-0.5,,3.0,2.7,0.3,0.16,,,2.0,0.0,0.0,0.0,,0.0,0.0,,,,0.0,0.0,0.0,0.0,0.0,,0.0,0.0
Ligue 1,2024-2025,Strasbourg,0cf321c8,Đorđe Petrović,GK,,31.0,1.0,1.0,1.0,0.0,0.0,0.0,0.0,,0.0,0.0,0.0,0.0,0.0,24.0,1.0,,31.0,0.06,2.0,0.0,0.0,0.0,0.0,0.0,0.0,2790.0,31.0,38.0,1.23,147.0,110.0,78.9,10.0,32.3,8.0,7.0,1.0,0.0,12.5,2790.0,31.0,91.2,31.0,31.0,31.0,0.0,0.0,1.71,49.0,38.0,11.0,0.35,0.02,44.9,50.9,-5.9,-0.19,0.13,,31.0,0.0,0.0,0.0,,0.0,0.0,,,,0.0,0.0,0.0,0.0,0.0,,0.0,0.0
Premier League,2025-2026,Bournemouth,0cf321c8,Đorđe Petrović,GK,,2.0,0.0,0.0,0.0,0.0,0.0,0.0,0.0,,0.0,0.0,0.0,0.0,0.0,4.0,0.0,,2.0,0.0,0.0,0.0,0.0,0.0,0.0,0.0,0.0,180.0,2.0,4.0,2.0,11.0,7.0,63.6,1.0,50.0,0.0,0.0,0.0,0.0,,180.0,2.0,100.0,2.0,2.0,2.0,0.0,0.0,1.5,3.0,4.0,-1.0,-0.5,,3.0,2.7,0.3,0.16,,,2.0,0.0,0.0,0.0,,0.0,0.0,,,,0.0,0.0,0.0,0.0,0.0,,0.0,0.0
Uefa Nations League,2025-2026,Serbia,0cf321c8,Đorđe Petrović,GK,,,,,,,,,,,,,,,,,,,,,,,,,,,,180.0,2.0,1.0,0.5,10.0,9.0,90.0,1.0,50.0,0.0,0.0,0.0,0.0,,180.0,2.0,33.3,2.0,2.0,2.0,0.0,1.0,1.0,1.0,1.0,0.0,0.0,0.75,,,,,,,2.0,0.0,0.0,0.0,,0.0,0.0,,,,,0.0,0.0,,,,,
Premier League,2026-2027,Bournemouth,0cf321c8,Đorđe Petrović,GK,,2.0,0.0,0.0,0.0,0.0,0.0,0.0,0.0,,0.0,0.0,0.0,0.0,0.0,4.0,0.0,,2.0,0.0,0.0,0.0,0.0,0.0,0.0,0.0,0.0,180.0,2.0,4.0,2.0,11.0,7.0,63.6,1.0,50.0,0.0,0.0,0.0,0.0,,180.0,2.0,100.0,2.0,2.0,2.0,0.0,0.0,1.5,3.0,4.0,-1.0,-0.5,,3.0,2.7,0.3,0.16,,,2.0,0.0,0.0,0.0,,0.0,0.0,,,,0.0,0.0,0.0,0.0,0.0,,0.0,0.0
Uefa Euro,2026-2027,Serbia,0cf321c8,Đorđe Petrović,GK,,,,,,,,,,,,,,,,,,,,,,,,,,,,,,,,,,,,,,,,,,,,,0.0,0.0,0.0,0.0,3.0,,,,,,,,,,,,,,,,,,,,,,,,,,,,,,
Uefa Euro Qualifying,2026-2027,Serbia,0cf321c8,Đorđe Petrović,GK,,,,,,,,,,,,,,,,,,,,,,,,,,,,,,,,,,,,,,,,,,,,,,0.0,0.0,0.0,3.0,,,,,,,,,,,,,,,,,,,,,,,,,,,,,,
Wcq    Uefa M,2026-2027,Serbia,0cf321c8,Đorđe Petrović,GK,,,,,,,,,,,,,,,,,,,,,,,,,,,,180.0,2.0,0.0,0.0,2.0,3.0,100.0,2.0,100.0,1.0,0.0,1.0,0.0,100.0,180.0,2.0,100.0,2.0,2.0,2.0,0.0,0.0,2.0,3.0,0.0,3.0,1.5,,,,,,,,2.0,0.0,0.0,0.0,,0.0,0.0,,,,,0.0,0.0,,,,,
Serbian Superliga,2024-2025,Imt Novi Beograd,c91acce9,Đorđe Radivojević,MF,,,,,,,,,,,,,,,,,,,,,,,,,,,,,,,,,,,,,,,,,,13.0,0.1,0.4,1.0,0.0,0.0,1.0,0.0,0.0,0.0,1.0,-1.0,-6.92,-6.79,,,,,,,0.1,0.0,0.0,0.0,,0.0,0.0,,,,,0.0,0.0,,,,,
Serbian Superliga,2018-2019,Spartak Subotica,9d24b059,Đorđe Radovanović,MF,,,,,,,,,,,,,,,,,,,,,,,,,,,,,,,,,,,,,,,,,,232.0,2.6,7.0,7.0,3.0,1.0,4.0,3.0,1.43,1.0,4.0,-3.0,-1.16,-1.02,,,,,,,2.6,0.0,,,,,,,,,,0.0,0.0,,,,,
Hrvatska Nl,2018-2019,Lokomotiva,b65b52ff,Đorđe Rakić,FW,,,,,,,,,,,,,,,,,,,,,,,,,,,,,,,,,,,,,,,,,,279.0,3.1,8.6,10.0,2.0,0.0,8.0,2.0,1.0,5.0,7.0,-2.0,-0.65,-0.95,,,,,,,3.1,2.0,,,,,,,,,,0.0,0.0,,,,,
Hrvatska Nl,2019-2020,Lokomotiva,b65b52ff,Đorđe Rakić,FW,,,,,,,,,,,,,,,,,,,,,,,,,,,,,,,,,,,,,,,,,,129.0,1.4,4.0,5.0,1.0,0.0,4.0,10.0,2.2,1.0,0.0,1.0,0.7,0.18,,,,,,,1.4,0.0,,,,,,,,,,0.0,0.0,,,,,
Serbian Superliga,2022-2023,Javor Ivanjica,003bb9cc,Đorđe Skoko,DF,,,,,,,,,,,,,,,,,,,,,,,,,,,,,,,,,,,,,,,,,,90.0,1.0,2.7,1.0,1.0,1.0,0.0,17.0,0.0,2.0,3.0,-1.0,-1.0,-0.44,,,,,,,1.0,0.0,,,,,,,,,,0.0,0.0,,,,,
Serbian Superliga,2023-2024,Javor Ivanjica,003bb9cc,Đorđe Skoko,DF,,,,,,,,,,,,,,,,,,,,,,,,,,,,,,,,,,,,,,,,,,1315.0,14.6,39.5,15.0,15.0,14.0,0.0,20.0,1.0,12.0,22.0,-10.0,-0.68,-0.37,,,,,,,14.6,1.0,,,,,,,,,,0.0,0.0,,,,,
Serbian Superliga,2025-2026,Javor Ivanjica,003bb9cc,Đorđe Skoko,DF,,,,,,,,,,,,,,,,,,,,,,,,,,,,,,,,,,,,,,,,,,450.0,5.0,100.0,5.0,5.0,5.0,0.0,0.0,0.6,4.0,9.0,-5.0,-1.0,,,,,,,,5.0,0.0,0.0,0.0,,0.0,0.0,,,,,0.0,0.0,,,,,
Serbian Superliga,2023-2024,Napredak Kruševac,36ad28b1,Đorđe Skočajić,FW,,,,,,,,,,,,,,,,,,,,,,,,,,,,,,,,,,,,,,,,,,65.0,0.7,2.0,2.0,1.0,0.0,1.0,5.0,0.0,0.0,4.0,-4.0,-5.54,-4.82,,,,,,,0.7,0.0,,,,,,,,,,0.0,0.0,,,,,
Serbian Superliga,2025-2026,Napredak Kruševac,36ad28b1,Đorđe Skočajić,FW,,,,,,,,,,,,,,,,,,,,,,,,,,,,,,,,,,,,,,,,,,25.0,0.3,4.6,2.0,0.0,0.0,2.0,3.0,0.5,0.0,1.0,-1.0,-3.6,-3.08,,,,,,,0.3,0.0,0.0,0.0,,0.0,0.0,,,,,0.0,0.0,,,,,
Serbian Superliga,2021-2022,Proleter Novi Sad,5cf0b983,Đorđe Vladisavljević,DF,,,,,,,,,,,,,,,,,,,,,,,,,,,,,,,,,,,,,,,,,,287.0,3.2,8.6,5.0,3.0,2.0,2.0,11.0,0.2,1.0,5.0,-4.0,-1.25,-0.43,,,,,,,3.2,0.0,,,,,,,,,,0.0,0.0,,,,,
Serbian Superliga,2020-2021,Spartak Subotica,89d03abb,Đorđe Vukanić,GK,,,,,,,,,,,,,,,,,,,,,,,,,,,,180.0,2.0,,,,,,0.0,0.0,0.0,0.0,0.0,0.0,,180.0,2.0,5.3,2.0,2.0,2.0,0.0,14.0,0.0,0.0,4.0,-4.0,-2.0,-2.14,,,,,,,2.0,0.0,,,,,,,,,,0.0,0.0,,,,,
Serbian Superliga,2021-2022,Spartak Subotica,89d03abb,Đorđe Vukanić,GK,,,,,,,,,,,,,,,,,,,,,,,,,,,,,,,,,,,,,,,,,,,,,0.0,0.0,0.0,0.0,2.0,,,,,,,,,,,,,,,,,,,,,,,,,,,,,,
Serbian Superliga,2022-2023,Fk Mladost Novi Sad,b0bbe8de,Đorđe Ćosić,DF,,,,,,,,,,,,,,,,,,,,,,,,,,,,,,,,,,,,,,,,,,1447.0,16.1,43.5,17.0,17.0,13.0,0.0,0.0,0.94,14.0,16.0,-2.0,-0.12,0.93,,,,,,,16.1,0.0,,,,,,,,,,0.0,0.0,,,,,
Ekstraklasa,2018-2019,Śląsk Wrocław,76cf7334,Đorđe Čotra,DF,,,,,,,,,,,,,,,,,,,,,,,,,,,,,,,,,,,,,,,,,,1223.0,13.6,36.7,15.0,14.0,13.0,1.0,5.0,1.47,25.0,14.0,11.0,0.81,1.11,,,,,,,13.6,1.0,,,,,,,,,,0.0,0.0,,,,,
Serbian Superliga,2018-2019,Čukarički,460bf4aa,Đorđe Đurić,DF,,,,,,,,,,,,,,,,,,,,,,,,,,,,,,,,,,,,,,,,,,45.0,0.5,1.4,1.0,0.0,0.0,1.0,3.0,3.0,2.0,0.0,2.0,4.0,3.32,,,,,,,0.5,0.0,,,,,,,,,,0.0,0.0,,,,,
Serbian Superliga,2019-2020,Vojvodina,460bf4aa,Đorđe Đurić,DF,,,,,,,,,,,,,,,,,,,,,,,,,,,,,,,,,,,,,,,,,,605.0,6.7,22.4,9.0,7.0,5.0,2.0,14.0,1.78,7.0,9.0,-2.0,-0.3,-1.24,,,,,,,6.7,0.0,,,,,,,,,,0.0,0.0,,,,,
Serbian Superliga,2020-2021,Vojvodina,460bf4aa,Đorđe Đurić,DF,,,,,,,,,,,,,,,,,,,,,,,,,,,,,,,,,,,,,,,,,,417.0,4.6,12.2,9.0,4.0,3.0,5.0,19.0,2.44,5.0,3.0,2.0,0.43,-0.14,,,,,,,4.6,0.0,,,,,,,,,,0.0,0.0,,,,,
Serbian Superliga,2021-2022,Fk Kolubara,460bf4aa,Đorđe Đurić,DF,,,,,,,,,,,,,,,,,,,,,,,,,,,,,,,,,,,,,,,,,,1490.0,16.6,44.7,17.0,17.0,14.0,0.0,2.0,1.53,19.0,19.0,0.0,0.0,1.13,,,,,,,16.6,0.0,,,,,,,,,,0.0,0.0,,,,,
Serbian Superliga,2019-2020,Čukarički,b172a78a,Đorđe Šošević,DF,,,,,,,,,,,,,,,,,,,,,,,,,,,,,,,,,,,,,,,,,,,,,0.0,0.0,0.0,0.0,2.0,,,,,,,,,,,,,,,,,,,,,,,,,,,,,,
Serbian Superliga,2018-2019,Mačva Šabac,24f5ca1d,Đorđe Šušnjar,FW,,,,,,,,,,,,,,,,,,,,,,,,,,,,,,,,,,,,,,,,,,1331.0,14.8,40.0,27.0,15.0,6.0,12.0,6.0,1.07,11.0,15.0,-4.0,-0.27,0.18,,,,,,,14.8,2.0,,,,,,,,,,0.0,0.0,,,,,
Serbian Superliga,2019-2020,Mačva Šabac,24f5ca1d,Đorđe Šušnjar,FW,,,,,,,,,,,,,,,,,,,,,,,,,,,,,,,,,,,,,,,,,,1037.0,11.5,38.4,17.0,11.0,5.0,6.0,3.0,0.47,7.0,15.0,-8.0,-0.69,0.77,,,,,,,11.5,0.0,,,,,,,,,,0.0,0.0,,,,,
Serbian Superliga,2020-2021,Mačva Šabac,24f5ca1d,Đorđe Šušnjar,FW,,,,,,,,,,,,,,,,,,,,,,,,,,,,,,,,,,,,,,,,,,138.0,1.5,4.0,10.0,0.0,0.0,10.0,7.0,0.7,0.0,4.0,-4.0,-2.61,-1.21,,,,,,,1.5,0.0,,,,,,,,,,0.0,0.0,,,,,
Serbian Superliga,2023-2024,Železničar Pančevo,24f5ca1d,Đorđe Šušnjar,FW,,,,,,,,,,,,,,,,,,,,,,,,,,,,,,,,,,,,,,,,,,670.0,7.4,20.1,17.0,5.0,3.0,12.0,2.0,1.0,10.0,13.0,-3.0,-0.4,0.1,,,,,,,7.4,2.0,,,,,,,,,,0.0,0.0,,,,,
Eredivisie,2019-2020,Heerenveen,78c14f3f,Đoàn Văn Hậu,DF,,,,,,,,,,,,,,,,,,,,,,,,,,,,,,,,,,,,,,,,,,,,,,0.0,0.0,0.0,16.0,,,,,,,,,,,,,,,,,,,,,,,,,,,,,,
Afc Asian Cup,2019-2020,Vietnam,78c14f3f,Đoàn Văn Hậu,DF,,,,,,,,,,,,,,,,,,,,,,,,,,,,,,,,,,,,,,,,,,399.0,4.4,83.1,5.0,4.0,4.0,1.0,0.0,1.2,3.0,5.0,-2.0,-0.45,-0.45,,,,,,,4.4,0.0,6.0,2.0,33.3,1.35,0.45,0.0,0.0,,,0.0,0.0,,,,,
Serbian Superliga,2021-2022,Fk Kolubara,8fb149f4,Đurađ Dobrijević,FW,,,,,,,,,,,,,,,,,,,,,,,,,,,,,,,,,,,,,,,,,,188.0,2.1,5.6,7.0,1.0,1.0,6.0,9.0,0.0,1.0,5.0,-4.0,-1.91,-1.37,,,,,,,2.1,0.0,,,,,,,,,,0.0,0.0,,,,,
Serbian Superliga,2020-2021,Ofk Bačka,ae38d24d,Đurađ Krndija,MF,,,,,,,,,,,,,,,,,,,,,,,,,,,,,,,,,,,,,,,,,,,,,0.0,0.0,,0.0,4.0,,,,,,,,,,,,,,,,,,,,,,,,,,,,,,
Serbian Superliga,2018-2019,Napredak Kruševac,241b64c1,Đuro Zec,MF,,,,,,,,,,,,,,,,,,,,,,,,,,,,,,,,,,,,,,,,,,1057.0,11.7,31.7,16.0,13.0,2.0,3.0,1.0,1.69,17.0,13.0,4.0,0.34,0.66,,,,,,,11.7,1.0,,,,,,,,,,0.0,0.0,,,,,
Serbian Superliga,2019-2020,Napredak Kruševac,241b64c1,Đuro Zec,MF,,,,,,,,,,,,,,,,,,,,,,,,,,,,,,,,,,,,,,,,,,1636.0,18.2,60.6,19.0,19.0,13.0,0.0,0.0,1.26,23.0,25.0,-2.0,-0.11,0.4,,,,,,,18.2,4.0,,,,,,,,,,2.0,2.0,,,,,
Serbian Superliga,2019-2020,Tsc,241b64c1,Đuro Zec,MF,,,,,,,,,,,,,,,,,,,,,,,,,,,,,,,,,,,,,,,,,,801.0,8.9,29.7,10.0,10.0,2.0,0.0,0.0,2.3,21.0,11.0,10.0,1.12,0.41,,,,,,,8.9,5.0,,,,,,,,,,0.0,0.0,,,,,
Serbian Superliga,2020-2021,Tsc,241b64c1,Đuro Zec,MF,,,,,,,,,,,,,,,,,,,,,,,,,,,,,,,,,,,,,,,,,,2586.0,28.7,75.6,35.0,30.0,15.0,5.0,0.0,1.66,53.0,35.0,18.0,0.63,0.63,,,,,,,28.7,11.0,,,,,,,,,,0.0,0.0,,,,,
Serbian Superliga,2021-2022,Tsc,241b64c1,Đuro Zec,MF,,,,,,,,,,,,,,,,,,,,,,,,,,,,,,,,,,,,,,,,,,1519.0,16.9,45.6,17.0,17.0,16.0,0.0,0.0,1.29,26.0,25.0,1.0,0.06,0.36,,,,,,,16.9,6.0,,,,,,,,,,1.0,1.0,,,,,
Serbian Superliga,2023-2024,Radnički Niš,241b64c1,Đuro Zec,MF,,,,,,,,,,,,,,,,,,,,,,,,,,,,,,,,,,,,,,,,,,279.0,3.1,8.4,5.0,3.0,0.0,2.0,3.0,1.0,2.0,1.0,1.0,0.32,0.59,,,,,,,3.1,0.0,,,,,,,,,,0.0,0.0,,,,,
Serbian Superliga,2024-2025,Mladost Lučani,241b64c1,Đuro Zec,MF,,,,,,,,,,,,,,,,,,,,,,,,,,,,,,,,,,,,,,,,,,106.0,1.2,3.2,5.0,1.0,0.0,4.0,12.0,0.2,0.0,2.0,-2.0,-1.7,-1.47,,,,,,,1.2,0.0,0.0,0.0,,0.0,0.0,,,,,0.0,0.0,,,,,
Serbian Superliga,2024-2025,Radnički Niš,241b64c1,Đuro Zec,MF,,,,,,,,,,,,,,,,,,,,,,,,,,,,,,,,,,,,,,,,,,65.0,0.7,2.0,3.0,0.0,0.0,3.0,10.0,0.67,1.0,2.0,-1.0,-1.38,-0.94,,,,,,,0.7,0.0,0.0,0.0,,0.0,0.0,,,,,0.0,0.0,,,,,
Hrvatska Nl,2023-2024,Gorica,51a89fb8,Đuro Đekić,DF,,,,,,,,,,,,,,,,,,,,,,,,,,,,,,,,,,,,,,,,,,114.0,1.3,3.5,2.0,2.0,1.0,0.0,15.0,0.0,0.0,3.0,-3.0,-2.37,-2.02,,,,,,,1.3,0.0,0.0,0.0,,0.0,0.0,,,,,0.0,0.0,,,,,
Hrvatska Nl,2024-2025,Gorica,51a89fb8,Đuro Đekić,DF,,,,,,,,,,,,,,,,,,,,,,,,,,,,,,,,,,,,,,,,,,,,,0.0,0.0,0.0,0.0,3.0,,,,,,,,,,,,,,,,,,,,,,,,,,,,,,
Afc Asian Cup,2019-2020,Vietnam,80c746c9,Đặng Văn Lâm,GK,,,,,,,,,,,,,,,,,,,,,,,,,,,,480.0,5.3,7.0,1.31,22.0,16.0,72.7,1.0,20.0,1.0,1.0,0.0,0.0,0.0,480.0,5.3,100.0,5.0,5.0,5.0,0.0,0.0,1.2,5.0,7.0,-2.0,-0.37,,,,,,,,5.3,0.0,0.0,0.0,,0.0,0.0,,,,,0.0,0.0,,,,,
Wcq    Afc M,2026-2027,Vietnam,80c746c9,Đặng Văn Lâm,GK,,,,,,,,,,,,,,,,,,,,,,,,,,,,270.0,3.0,3.0,1.0,,,,1.0,33.3,0.0,0.0,0.0,0.0,,270.0,3.0,50.0,3.0,3.0,3.0,0.0,1.0,2.0,5.0,3.0,2.0,0.67,2.67,,,,,,,3.0,0.0,,,,,,,,,,0.0,0.0,,,,,
Afc Asian Cup,2019-2020,Vietnam,e05ee76d,Đỗ Duy Mạnh,DF,,,,,,,,,,,,,,,,,,,,,,,,,,,,,,,,,,,,,,,,,,390.0,4.3,81.3,4.0,4.0,4.0,0.0,0.0,0.75,3.0,7.0,-4.0,-0.92,-2.92,,,,,,,4.3,0.0,0.0,0.0,,0.0,0.0,,,,,0.0,0.0,,,,,
Afc Asian Cup,2024-2025,Vietnam,e05ee76d,Đỗ Duy Mạnh,DF,,,,,,,,,,,,,,,,,,,,,,,,,,,,,,,,,,,,,,,,,,14.0,0.2,5.2,1.0,0.0,0.0,1.0,2.0,0.0,1.0,1.0,0.0,0.0,1.41,,,,,,,0.2,0.0,0.0,0.0,,0.0,0.0,,,,,0.0,0.0,,,,,
Wcq    Afc M,2026-2027,Vietnam,e05ee76d,Đỗ Duy Mạnh,DF,,,,,,,,,,,,,,,,,,,,,,,,,,,,,,,,,,,,,,,,,,180.0,2.0,33.3,2.0,2.0,2.0,0.0,0.0,1.5,4.0,5.0,-1.0,-0.5,0.25,,,,,,,2.0,0.0,,,,,,,,,,0.0,0.0,,,,,
Afc Asian Cup,2019-2020,Vietnam,4433e9ea,Đỗ Hùng Dũng,MF,,,,,,,,,,,,,,,,,,,,,,,,,,,,,,,,,,,,,,,,,,480.0,5.3,100.0,5.0,5.0,5.0,0.0,0.0,1.2,5.0,7.0,-2.0,-0.37,,,,,,,,5.3,0.0,5.0,3.0,60.0,0.94,0.56,0.0,0.0,,,0.0,0.0,,,,,
Afc Asian Cup,2024-2025,Vietnam,4433e9ea,Đỗ Hùng Dũng,MF,,,,,,,,,,,,,,,,,,,,,,,,,,,,,,,,,,,,,,,,,,180.0,2.0,66.7,2.0,2.0,2.0,0.0,1.0,0.0,4.0,7.0,-3.0,-1.5,-0.5,,,,,,,2.0,0.0,0.0,0.0,,0.0,0.0,,,,,0.0,0.0,,,,,
Wcq    Afc M,2026-2027,Vietnam,4433e9ea,Đỗ Hùng Dũng,MF,,,,,,,,,,,,,,,,,,,,,,,,,,,,,,,,,,,,,,,,,,294.0,3.3,54.4,4.0,3.0,1.0,1.0,2.0,0.75,3.0,7.0,-4.0,-1.22,-1.22,,,,,,,3.3,0.0,,,,,,,,,,0.0,0.0,,,,,
Super Lig,2018-2019,Bb Erzurumspor,fc8900d7,İbrahim Akdağ,MF,,,,,,,,,,,,,,,,,,,,,,,,,,,,,,,,,,,,,,,,,,2056.0,22.8,67.2,29.0,21.0,15.0,8.0,2.0,1.07,26.0,26.0,0.0,0.0,0.63,,,,,,,22.8,3.0,49.0,14.0,28.6,2.14,0.61,0.06,0.21,,,0.0,0.0,,,,,
Super Lig,2020-2021,Ankaragücü,fc8900d7,İbrahim Akdağ,MF,,,,,,,,,,,,,,,,,,,,,,,,,,,,,,,,,,,,,,,,,,1367.0,15.2,38.0,18.0,17.0,6.0,1.0,0.0,1.22,19.0,19.0,0.0,0.0,0.77,,,,,,,15.2,2.0,15.0,5.0,33.3,0.99,0.33,0.0,0.0,,,2.0,2.0,,,,,
Super Lig,2020-2021,Erzurum Bb,fc8900d7,İbrahim Akdağ,MF,,,,,,,,,,,,,,,,,,,,,,,,,,,,,,,,,,,,,,,,,,1000.0,11.1,27.8,12.0,11.0,9.0,1.0,0.0,0.67,10.0,22.0,-12.0,-1.08,-0.66,,,,,,,11.1,0.0,7.0,3.0,42.9,0.63,0.27,0.0,0.0,,,0.0,0.0,,,,,
Super Lig,2021-2022,Kayserispor,fc8900d7,İbrahim Akdağ,MF,,,,,,,,,,,,,,,,,,,,,,,,,,,,,,,,,,,,,,,,,,2252.0,25.0,65.8,32.0,28.0,10.0,4.0,3.0,1.34,31.0,35.0,-4.0,-0.16,0.07,,,,,,,25.0,1.0,14.0,4.0,28.6,0.56,0.16,0.0,0.0,,,1.0,1.0,,,,,
Super Lig,2023-2024,Pendikspor,fc8900d7,İbrahim Akdağ,MF,,,,,,,,,,,,,,,,,,,,,,,,,,,,,,,,,,,,,,,,,,934.0,10.4,27.3,14.0,11.0,6.0,3.0,8.0,1.36,18.0,18.0,0.0,0.0,1.12,,,,,,,10.4,0.0,8.0,0.0,0.0,0.77,0.0,0.0,,,,0.0,0.0,,,,,
Super Lig,2023-2024,Sivasspor,fc8900d7,İbrahim Akdağ,MF,,,,,,,,,,,,,,,,,,,,,,,,,,,,,,,,,,,,,,,,,,721.0,8.0,21.1,11.0,9.0,3.0,2.0,1.0,1.36,8.0,12.0,-4.0,-0.5,-0.4,,,,,,,8.0,0.0,5.0,1.0,20.0,0.62,0.12,0.0,0.0,,,0.0,0.0,,,,,
Super Lig,2024-2025,Gaziantep Fk,faa048fa,İbrahim Alkış,GK,,,,,,,,,,,,,,,,,,,,,,,,,,,,,,,,,,,,,,,,,,,,,,0.0,0.0,0.0,1.0,,,,,,,,,,,,,,,,,,,,,,,,,,,,,,
Super Lig,2025-2026,Gaziantep Fk,faa048fa,İbrahim Alkış,GK,,,,,,,,,,,,,,,,,,,,,,,,,,,,,,,,,,,,,,,,,,,,,0.0,0.0,0.0,0.0,1.0,,,,,,,,,,,,,,,,,,,,,,,,,,,,,,
Super Lig,2023-2024,Hatayspor,7443d5ac,İbrahim Demir,FW,,,,,,,,,,,,,,,,,,,,,,,,,,,,,,,,,,,,,,,,,,,,,0.0,0.0,0.0,0.0,6.0,,,,,,,,,,,,,,,,,,,,,,,,,,,,,,
Super Lig,2025-2026,Alanyaspor,1641a8c0,İbrahim Kaya,MF,,,,,,,,,,,,,,,,,,,,,,,,,,,,,,,,,,,,,,,,,,116.0,1.3,43.0,3.0,1.0,1.0,2.0,0.0,1.33,2.0,0.0,2.0,1.55,2.14,,,,,,,1.3,1.0,3.0,1.0,33.3,2.33,0.78,0.0,0.0,,,1.0,1.0,,,,,
Dfb Pokal,2019-2020,Halberstadt,14273f5a,İbrahim Mirza Aral,MF,,,,,,,,,,,,,,,,,,,,,,,,,,,,,,,,,,,,,,,,,,,,,,0.0,0.0,0.0,1.0,,,,,,,,,,,,,,,,,,,,,,,,,,,,,,
Super Lig,2022-2023,İstanbulspor,198b764b,İbrahim Yılmaz,FW,,,,,,,,,,,,,,,,,,,,,,,,,,,,,,,,,,,,,,,,,,1257.0,14.0,41.1,17.0,15.0,6.0,2.0,0.0,0.71,12.0,29.0,-17.0,-1.22,-1.27,,,,,,,14.0,0.0,30.0,9.0,30.0,2.15,0.64,0.0,0.0,,,0.0,0.0,,,,,
Super Lig,2023-2024,İstanbulspor,198b764b,İbrahim Yılmaz,FW,,,,,,,,,,,,,,,,,,,,,,,,,,,,,,,,,,,,,,,,,,456.0,5.1,13.3,8.0,6.0,2.0,2.0,0.0,0.25,3.0,5.0,-2.0,-0.39,1.15,,,,,,,5.1,2.0,3.0,3.0,100.0,0.59,0.59,0.67,0.67,,,0.0,0.0,,,,,
Super Lig,2021-2022,Altay,259d540f,İbrahim Öztürk,DF,,,,,,,,,,,,,,,,,,,,,,,,,,,,,,,,,,,,,,,,,,1716.0,19.1,50.2,25.0,18.0,14.0,7.0,10.0,1.0,23.0,28.0,-5.0,-0.26,0.42,,,,,,,19.1,1.0,10.0,4.0,40.0,0.52,0.21,0.1,0.25,,,0.0,0.0,,,,,
Super Lig,2018-2019,Yeni Malatyaspor,640ffe9b,İkbal İpek,MF,,,,,,,,,,,,,,,,,,,,,,,,,,,,,,,,,,,,,,,,,,,,,0.0,0.0,0.0,0.0,2.0,,,,,,,,,,,,,,,,,,,,,,,,,,,,,,
Super Lig,2018-2019,Kasımpaşa,6fdfeb6e,İlhan Depe,MF,,,,,,,,,,,,,,,,,,,,,,,,,,,,,,,,,,,,,,,,,,968.0,10.8,31.6,20.0,12.0,1.0,8.0,9.0,1.25,13.0,23.0,-10.0,-0.93,-0.97,,,,,,,10.8,0.0,10.0,3.0,30.0,0.93,0.28,0.0,0.0,,,0.0,0.0,,,,,
Super Lig,2019-2020,Kasımpaşa,6fdfeb6e,İlhan Depe,MF,,,,,,,,,,,,,,,,,,,,,,,,,,,,,,,,,,,,,,,,,,832.0,9.2,27.2,24.0,7.0,1.0,17.0,9.0,0.92,12.0,19.0,-7.0,-0.76,-0.84,,,,,,,9.2,0.0,16.0,6.0,37.5,1.73,0.65,0.0,0.0,,,0.0,0.0,,,,,
Super Lig,2020-2021,Kayserispor,6fdfeb6e,İlhan Depe,MF,,,,,,,,,,,,,,,,,,,,,,,,,,,,,,,,,,,,,,,,,,55.0,0.6,1.5,4.0,0.0,0.0,4.0,6.0,0.0,0.0,3.0,-3.0,-4.91,-4.55,,,,,,,0.6,0.0,1.0,0.0,0.0,1.64,0.0,0.0,,,,0.0,0.0,,,,,
Super Lig,2018-2019,Ankaragücü,31764553,İlhan Parlak,MF,,,,,,,,,,,,,,,,,,,,,,,,,,,,,,,,,,,,,,,,,,1582.0,17.6,51.7,31.0,16.0,10.0,15.0,2.0,1.19,18.0,28.0,-10.0,-0.57,-0.26,,,,,,,17.6,4.0,30.0,14.0,46.7,1.71,0.8,0.13,0.29,,,0.0,0.0,,,,,
Super Lig,2019-2020,Ankaragücü,31764553,İlhan Parlak,MF,,,,,,,,,,,,,,,,,,,,,,,,,,,,,,,,,,,,,,,,,,1999.0,22.2,65.3,33.0,21.0,15.0,12.0,0.0,0.97,22.0,39.0,-17.0,-0.77,-0.09,,,,,,,22.2,7.0,55.0,25.0,45.5,2.48,1.13,0.09,0.2,,,2.0,2.0,,,,,
Super Lig,2020-2021,Ankaragücü,31764553,İlhan Parlak,FW,,,,,,,,,,,,,,,,,,,,,,,,,,,,,,,,,,,,,,,,,,83.0,0.9,2.3,1.0,1.0,0.0,0.0,0.0,0.0,1.0,2.0,-1.0,-1.08,-0.62,,,,,,,0.9,0.0,1.0,0.0,0.0,1.08,0.0,0.0,,,,0.0,0.0,,,,,
Super Lig,2020-2021,Kayserispor,31764553,İlhan Parlak,FW,,,,,,,,,,,,,,,,,,,,,,,,,,,,,,,,,,,,,,,,,,1876.0,20.8,52.1,37.0,19.0,5.0,18.0,0.0,1.0,23.0,29.0,-6.0,-0.29,0.29,,,,,,,20.8,9.0,44.0,19.0,43.2,2.11,0.91,0.2,0.47,,,0.0,0.0,,,,,
Super Lig,2021-2022,Kayserispor,31764553,İlhan Parlak,FW,,,,,,,,,,,,,,,,,,,,,,,,,,,,,,,,,,,,,,,,,,796.0,8.8,23.3,27.0,8.0,1.0,19.0,7.0,1.26,13.0,11.0,2.0,0.23,0.53,,,,,,,8.8,2.0,16.0,6.0,37.5,1.81,0.68,0.13,0.33,,,0.0,0.0,,,,,
Super Lig,2022-2023,Kayserispor,31764553,İlhan Parlak,FW,,,,,,,,,,,,,,,,,,,,,,,,,,,,,,,,,,,,,,,,,,559.0,6.2,18.3,22.0,4.0,0.0,18.0,11.0,1.18,11.0,7.0,4.0,0.64,1.0,,,,,,,6.2,2.0,17.0,3.0,17.6,2.74,0.48,0.12,0.67,,,0.0,0.0,,,,,
Scottish Premiership,2019-2020,St Mirren,7945ba4e,İlkay Durmuş,MF,,,,,,,,,,,,,,,,,,,,,,,,,,,,,,,,,,,,,,,,,,1778.0,19.8,65.9,28.0,21.0,5.0,7.0,2.0,1.04,15.0,19.0,-4.0,-0.2,1.07,,,,,,,19.8,4.0,42.0,12.0,28.6,2.13,0.61,0.1,0.33,,,0.0,0.0,,,,,
Scottish Premiership,2020-2021,St Mirren,7945ba4e,İlkay Durmuş,MF,,,,,,,,,,,,,,,,,,,,,,,,,,,,,,,,,,,,,,,,,,1985.0,22.1,58.0,31.0,23.0,11.0,8.0,3.0,1.23,23.0,26.0,-3.0,-0.14,0.18,,,,,,,22.1,3.0,42.0,18.0,42.9,1.9,0.82,0.07,0.17,,,0.0,0.0,,,,,
Ekstraklasa,2021-2022,Lechia Gdańsk,7945ba4e,İlkay Durmuş,MF,,,,,,,,,,,,,,,,,,,,,,,,,,,,,,,,,,,,,,,,,,2760.0,30.7,90.2,33.0,32.0,17.0,1.0,0.0,1.73,47.0,33.0,14.0,0.46,0.76,,,,,,,30.7,6.0,,,,,,,,,,0.0,0.0,,,,,
Ekstraklasa,2022-2023,Lechia Gdańsk,7945ba4e,İlkay Durmuş,MF,,,,,,,,,,,,,,,,,,,,,,,,,,,,,,,,,,,,,,,,,,1723.0,19.1,56.3,25.0,22.0,8.0,3.0,1.0,1.0,14.0,28.0,-14.0,-0.73,0.21,,,,,,,19.1,1.0,,,,,,,,,,0.0,0.0,,,,,
Champions League,2018-2019,Manchester City,819b3158,İlkay Gündoğan,MF,,23.7,19.0,12.0,4.0,12.0,3.0,6.0,31.0,19.4,25.0,12.0,3.0,9.0,28.0,19.0,1.0,,23.7,4.3,75.0,2.0,0.0,0.55,12.0,0.0,0.0,,,,,,,,,,,,,,,2137.0,23.7,62.5,31.0,23.0,17.0,8.0,1.0,2.55,60.0,15.0,45.0,1.9,0.0,50.6,14.9,35.7,1.5,-0.17,,23.7,6.0,43.0,11.0,25.6,1.81,0.46,0.14,0.55,19.5,2.0,0.0,0.0,4.1,4.1,0.09,1.9,1.9
Efl Cup,2018-2019,Manchester City,819b3158,İlkay Gündoğan,MF,,23.7,19.0,12.0,4.0,12.0,3.0,6.0,31.0,19.4,25.0,12.0,3.0,9.0,28.0,19.0,1.0,,23.7,4.3,75.0,2.0,0.0,0.55,12.0,0.0,0.0,,,,,,,,,,,,,,,2137.0,23.7,62.5,31.0,23.0,17.0,8.0,1.0,2.55,60.0,15.0,45.0,1.9,0.0,50.6,14.9,35.7,1.5,-0.17,,23.7,6.0,43.0,11.0,25.6,1.81,0.46,0.14,0.55,19.5,2.0,0.0,0.0,4.1,4.1,0.09,1.9,1.9
Fa Cup,2018-2019,Manchester City,819b3158,İlkay Gündoğan,MF,,23.7,19.0,12.0,4.0,12.0,3.0,6.0,31.0,19.4,25.0,12.0,3.0,9.0,28.0,19.0,1.0,,23.7,4.3,75.0,2.0,0.0,0.55,12.0,0.0,0.0,,,,,,,,,,,,,,,2137.0,23.7,62.5,31.0,23.0,17.0,8.0,1.0,2.55,60.0,15.0,45.0,1.9,0.0,50.6,14.9,35.7,1.5,-0.17,,23.7,6.0,43.0,11.0,25.6,1.81,0.46,0.14,0.55,19.5,2.0,0.0,0.0,4.1,4.1,0.09,1.9,1.9
Premier League,2018-2019,Manchester City,819b3158,İlkay Gündoğan,MF,,,,,,,,,,,,,,,,,,,,,,,,,,,,,,,,,,,,,,,,,,,,,,0.0,0.0,0.0,1.0,,,,,,,,,,,,,,,,,,,,,,,,,,,,,,
Champions League,2019-2020,Manchester City,819b3158,İlkay Gündoğan,MF,,22.4,27.0,16.0,9.0,11.0,7.0,9.0,41.0,22.0,32.0,17.0,5.0,12.0,31.0,13.0,0.0,,22.4,3.52,69.0,0.0,1.0,0.13,3.0,0.0,0.0,,,,,,,,,,,,,,,2020.0,22.4,59.1,31.0,21.0,16.0,10.0,5.0,2.03,50.0,28.0,22.0,0.98,-1.91,49.7,26.0,23.6,1.05,-1.01,,22.4,2.0,31.0,6.0,19.4,1.38,0.27,0.03,0.17,21.5,2.0,1.0,2.0,4.0,2.4,0.08,-1.4,-2.0
Efl Cup,2019-2020,Manchester City,819b3158,İlkay Gündoğan,MF,,22.4,27.0,16.0,9.0,11.0,7.0,9.0,41.0,22.0,32.0,17.0,5.0,12.0,31.0,13.0,0.0,,22.4,3.52,69.0,0.0,1.0,0.13,3.0,0.0,0.0,,,,,,,,,,,,,,,2020.0,22.4,59.1,31.0,21.0,16.0,10.0,5.0,2.03,50.0,28.0,22.0,0.98,-1.91,49.7,26.0,23.6,1.05,-1.01,,22.4,2.0,31.0,6.0,19.4,1.38,0.27,0.03,0.17,21.5,2.0,1.0,2.0,4.0,2.4,0.08,-1.4,-2.0
Fa Cup,2019-2020,Manchester City,819b3158,İlkay Gündoğan,MF,,22.4,27.0,16.0,9.0,11.0,7.0,9.0,41.0,22.0,32.0,17.0,5.0,12.0,31.0,13.0,0.0,,22.4,3.52,69.0,0.0,1.0,0.13,3.0,0.0,0.0,,,,,,,,,,,,,,,2020.0,22.4,59.1,31.0,21.0,16.0,10.0,5.0,2.03,50.0,28.0,22.0,0.98,-1.91,49.7,26.0,23.6,1.05,-1.01,,22.4,2.0,31.0,6.0,19.4,1.38,0.27,0.03,0.17,21.5,2.0,1.0,2.0,4.0,2.4,0.08,-1.4,-2.0
Premier League,2019-2020,Manchester City,819b3158,İlkay Gündoğan,MF,,,,,,,,,,,,,,,,,,,,,,,,,,,,,,,,,,,,,,,,,,,,,,0.0,0.0,0.0,1.0,,,,,,,,,,,,,,,,,,,,,,,,,,,,,,
Champions League,2020-2021,Manchester City,819b3158,İlkay Gündoğan,MF,,22.5,25.0,15.0,8.0,12.0,5.0,10.0,39.0,25.6,29.0,13.0,4.0,9.0,20.0,9.0,0.0,,22.5,3.91,67.0,6.0,3.0,0.4,3.0,2.0,1.0,,,,,,,,,,,,,,,2029.0,22.5,59.3,28.0,23.0,16.0,5.0,6.0,2.36,55.0,16.0,39.0,1.73,0.95,43.1,16.0,27.1,1.2,0.5,,22.5,13.0,52.0,21.0,40.4,2.31,0.93,0.23,0.57,17.3,4.0,1.0,2.0,9.0,7.4,0.14,4.6,4.0
Premier League,2020-2021,Manchester City,819b3158,İlkay Gündoğan,MF,,,,,,,,,,,,,,,,,,,,,,,,,,,,,,,,,,,,,,,,,,,,,,0.0,0.0,0.0,1.0,,,,,,,,,,,,,,,,,,,,,,,,,,,,,,
Champions League,2021-2022,Manchester City,819b3158,İlkay Gündoğan,MF,,20.6,23.0,9.0,10.0,12.0,1.0,12.0,31.0,38.7,19.0,11.0,1.0,10.0,15.0,10.0,0.0,,20.6,4.07,60.0,6.0,1.0,0.44,7.0,1.0,0.0,,,,,,,,,,,,,,,1857.0,20.6,54.3,27.0,20.0,15.0,7.0,8.0,2.7,62.0,10.0,52.0,2.52,1.31,51.7,13.0,38.7,1.88,0.42,,20.6,8.0,55.0,18.0,32.7,2.67,0.87,0.15,0.44,14.5,2.0,0.0,0.0,9.0,9.0,0.16,-1.0,-1.0
Premier League,2021-2022,Manchester City,819b3158,İlkay Gündoğan,MF,,,,,,,,,,,,,,,,,,,,,,,,,,,,,,,,,,,,,,,,,,,,,,0.0,0.0,0.0,1.0,,,,,,,,,,,,,,,,,,,,,,,,,,,,,,
Champions League,2022-2023,Manchester City,819b3158,İlkay Gündoğan,MF,,26.1,30.0,18.0,7.0,13.0,10.0,12.0,34.0,35.3,22.0,18.0,3.0,15.0,20.0,13.0,0.0,,26.1,3.44,71.0,2.0,2.0,0.65,13.0,0.0,0.0,,,,,,,,,,,,,,,2353.0,26.1,68.8,31.0,27.0,17.0,4.0,7.0,2.39,71.0,20.0,51.0,1.95,1.11,61.3,19.4,41.9,1.6,1.21,,26.1,8.0,53.0,20.0,37.7,2.03,0.76,0.15,0.4,18.1,5.0,0.0,1.0,7.5,6.7,0.13,1.3,0.5
Premier League,2022-2023,Manchester City,819b3158,İlkay Gündoğan,MF,,,,,,,,,,,,,,,,,,,,,,,,,,,,,,,,,,,,,,,,,,,,,,0.0,0.0,0.0,1.0,,,,,,,,,,,,,,,,,,,,,,,,,,,,,,
Champions League,2023-2024,Barcelona,819b3158,İlkay Gündoğan,MF,,33.3,32.0,22.0,14.0,16.0,2.0,12.0,39.0,30.8,27.0,19.0,4.0,15.0,21.0,18.0,1.0,,33.3,4.99,111.0,4.0,0.0,0.39,10.0,0.0,0.0,,,,,,,,,,,,,,,2994.0,33.3,87.5,36.0,33.0,26.0,3.0,1.0,2.19,70.0,42.0,28.0,0.84,-0.64,69.8,37.4,32.4,0.98,0.24,,33.3,5.0,41.0,15.0,36.6,1.23,0.45,0.1,0.27,17.8,5.0,1.0,2.0,7.3,5.7,0.14,-1.7,-2.3
Premier League,2023-2024,Manchester City,819b3158,İlkay Gündoğan,MF,,,,,,,,,,,,,,,,,,,,,,,,,,,,,,,,,,,,,,,,,,,,,,0.0,0.0,0.0,1.0,,,,,,,,,,,,,,,,,,,,,,,,,,,,,,
Champions League,2024-2025,Manchester City,819b3158,İlkay Gündoğan,MF,,24.7,25.0,13.0,5.0,15.0,5.0,10.0,24.0,41.7,14.0,15.0,0.0,15.0,13.0,23.0,0.0,,24.7,3.56,67.0,5.0,0.0,0.53,10.0,0.0,0.0,,,,,,,,,,,,,,,2223.0,24.7,65.0,33.0,25.0,12.0,8.0,4.0,1.94,53.0,28.0,25.0,1.01,0.79,44.4,35.0,9.5,0.38,-0.44,,24.7,1.0,27.0,7.0,25.9,1.09,0.28,0.04,0.14,18.1,2.0,0.0,0.0,3.2,3.2,0.12,-2.2,-2.2
Premier League,2024-2025,Manchester City,819b3158,İlkay Gündoğan,MF,,,,,,,,,,,,,,,,,,,,,,,,,,,,,,,,,,,,,,,,,,,,,0.0,0.0,0.0,0.0,1.0,,,,,,,,,,,,,,,,,,,,,,,,,,,,,,
Champions League,2025-2026,Manchester City,819b3158,İlkay Gündoğan,MF,,,,,,,,,,,,,,,,,,,,,,,,,,,,,,,,,,,,,,,,,,,,,,0.0,0.0,0.0,1.0,,,,,,,,,,,,,,,,,,,,,,,,,,,,,,
Premier League,2025-2026,Manchester City,819b3158,İlkay Gündoğan,MF,,,,,,,,,,,,,,,,,,,,,,,,,,,,,,,,,,,,,,,,,,,,,0.0,0.0,0.0,0.0,1.0,,,,,,,,,,,,,,,,,,,,,,,,,,,,,,
Uefa Euro,2026-2027,Germany,819b3158,İlkay Gündoğan,MF,,4.3,5.0,4.0,1.0,3.0,1.0,0.0,2.0,0.0,2.0,0.0,0.0,0.0,1.0,0.0,0.0,,4.3,3.76,12.0,0.0,0.0,0.94,2.0,0.0,0.0,,,,,,,,,,,,,,,383.0,4.3,79.8,5.0,5.0,2.0,0.0,0.0,2.0,9.0,3.0,6.0,1.41,0.48,6.9,3.0,4.0,0.93,-0.33,,4.3,1.0,7.0,2.0,28.6,1.64,0.47,0.14,0.5,14.4,0.0,0.0,0.0,0.8,0.8,0.11,0.2,0.2
World Cup,2026-2027,Germany,819b3158,İlkay Gündoğan,MF,,2.1,3.0,1.0,1.0,2.0,0.0,0.0,1.0,0.0,1.0,2.0,0.0,2.0,1.0,1.0,0.0,,2.1,2.86,6.0,0.0,0.0,0.0,0.0,0.0,0.0,,,,,,,,,,,,,,,189.0,2.1,70.0,3.0,3.0,0.0,0.0,0.0,1.33,2.0,1.0,1.0,0.48,0.48,3.6,1.3,2.3,1.1,-3.74,,2.1,1.0,5.0,2.0,40.0,2.38,0.95,0.0,0.0,25.9,0.0,1.0,1.0,1.1,0.4,0.07,-0.4,-0.1
Fifa Club World Cup,2026-2027,Manchester City,819b3158,İlkay Gündoğan,MF,,,,,,,,,,,,,,,,,,,,,,,,,,,,,,,,,,,,,,,,,,189.0,2.1,48.5,4.0,2.0,1.0,2.0,0.0,2.25,9.0,3.0,6.0,2.86,1.07,,,,,,,2.1,2.0,3.0,3.0,100.0,1.43,1.43,0.67,0.67,,,0.0,0.0,,,,,
Premier League,2026-2027,Manchester City,819b3158,İlkay Gündoğan,MF,,,,,,,,,,,,,,,,,,,,,,,,,,,,,,,,,,,,,,,,,,,,,,0.0,0.0,0.0,1.0,,,,,,,,,,,,,,,,,,,,,,,,,,,,,,
Super Lig,2019-2020,Beşiktaş,10c1802d,İlkay İşler,MF,,,,,,,,,,,,,,,,,,,,,,,,,,,,,,,,,,,,,,,,,,,,,,0.0,0.0,0.0,1.0,,,,,,,,,,,,,,,,,,,,,,,,,,,,,,
Super Lig,2018-2019,Akhisar Belediyespor,02988ef7,İlke Nelik,DF,,,,,,,,,,,,,,,,,,,,,,,,,,,,,,,,,,,,,,,,,,,,,0.0,0.0,0.0,0.0,5.0,,,,,,,,,,,,,,,,,,,,,,,,,,,,,,
Super Lig,2019-2020,Gençlerbirliği,ca6abff9,İlker Karakaş,FW,,,,,,,,,,,,,,,,,,,,,,,,,,,,,,,,,,,,,,,,,,152.0,1.7,5.0,10.0,1.0,0.0,9.0,12.0,0.7,0.0,8.0,-8.0,-4.74,-4.46,,,,,,,1.7,0.0,8.0,3.0,37.5,4.74,1.78,0.0,0.0,,,0.0,0.0,,,,,
Super Lig,2020-2021,Gençlerbirliği,ca6abff9,İlker Karakaş,FW,,,,,,,,,,,,,,,,,,,,,,,,,,,,,,,,,,,,,,,,,,411.0,4.6,11.4,20.0,3.0,0.0,17.0,13.0,0.65,6.0,16.0,-10.0,-2.19,-1.57,,,,,,,4.6,1.0,12.0,2.0,16.7,2.63,0.44,0.08,0.5,,,0.0,0.0,,,,,
Super Lig,2023-2024,Gaziantep Fk,ca6abff9,İlker Karakaş,FW,,,,,,,,,,,,,,,,,,,,,,,,,,,,,,,,,,,,,,,,,,93.0,1.0,2.7,9.0,0.0,0.0,9.0,10.0,1.22,4.0,2.0,2.0,1.94,2.18,,,,,,,1.0,0.0,1.0,0.0,0.0,0.97,0.0,0.0,,,,0.0,0.0,,,,,
Super Lig,2024-2025,Gaziantep Fk,ca6abff9,İlker Karakaş,FW,,,,,,,,,,,,,,,,,,,,,,,,,,,,,,,,,,,,,,,,,,35.0,0.4,1.1,4.0,0.0,0.0,4.0,5.0,0.75,3.0,1.0,2.0,5.14,5.34,,,,,,,0.4,0.0,0.0,0.0,,0.0,0.0,,,,,0.0,0.0,,,,,
Super Lig,2018-2019,Sivasspor,64f143d3,İlker Sayan,FW,,,,,,,,,,,,,,,,,,,,,,,,,,,,,,,,,,,,,,,,,,65.0,0.7,2.1,2.0,0.0,0.0,2.0,10.0,1.5,0.0,0.0,0.0,0.0,0.15,,,,,,,0.7,0.0,0.0,0.0,,0.0,0.0,,,,,0.0,0.0,,,,,
Super Lig,2020-2021,Göztepe,b3c67ed0,İrfan Can Eğribayat,GK,,,,,,,,,,,,,,,,,,,,,,,,,,,,3150.0,35.0,48.0,1.37,145.0,107.0,73.1,8.0,22.9,11.0,9.0,1.0,1.0,10.0,3150.0,35.0,87.5,35.0,35.0,35.0,0.0,3.0,1.4,53.0,48.0,5.0,0.14,1.14,,,,,,,35.0,0.0,0.0,0.0,,0.0,0.0,,,,,0.0,0.0,,,,,
Super Lig,2021-2022,Göztepe,b3c67ed0,İrfan Can Eğribayat,GK,,,,,,,,,,,,,,,,,,,,,,,,,,,,2700.0,30.0,50.0,1.67,132.0,89.0,67.4,1.0,3.3,8.0,7.0,0.0,1.0,0.0,2700.0,30.0,78.9,30.0,30.0,30.0,0.0,0.0,0.9,36.0,50.0,-14.0,-0.47,2.41,,,,,,,30.0,0.0,1.0,0.0,0.0,0.03,0.0,0.0,,,,0.0,0.0,,,,,
Super Lig,2022-2023,Fenerbahçe,b3c67ed0,İrfan Can Eğribayat,GK,,,,,,,,,,,,,,,,,,,,,,,,,,,,720.0,8.0,11.0,1.37,32.0,23.0,71.9,1.0,12.5,2.0,2.0,0.0,0.0,0.0,720.0,8.0,23.5,8.0,8.0,8.0,0.0,17.0,1.89,16.0,13.0,3.0,0.37,-1.24,,,,,,,8.0,0.0,0.0,0.0,,0.0,0.0,,,,,0.0,0.0,,,,,
Conference League,2023-2024,Fenerbahçe,b3c67ed0,İrfan Can Eğribayat,GK,,,,,,,,,,,,,,,,,,,,,,,,,,,,270.0,3.0,2.0,0.67,9.0,7.0,77.8,2.0,66.7,0.0,0.0,0.0,0.0,,270.0,3.0,7.9,3.0,3.0,3.0,0.0,30.0,2.4,13.0,6.0,7.0,2.33,0.59,,,,,,,3.0,0.0,0.0,0.0,,0.0,0.0,,,,,0.0,0.0,,,,,
Super Lig,2023-2024,Fenerbahçe,b3c67ed0,İrfan Can Eğribayat,GK,,,,,,,,,,,,,,,,,,,,,,,,,,,,270.0,3.0,2.0,0.67,9.0,7.0,77.8,2.0,66.7,0.0,0.0,0.0,0.0,,270.0,3.0,7.9,3.0,3.0,3.0,0.0,30.0,2.4,13.0,6.0,7.0,2.33,0.59,,,,,,,3.0,0.0,0.0,0.0,,0.0,0.0,,,,,0.0,0.0,,,,,
Super Lig,2024-2025,Fenerbahçe,b3c67ed0,İrfan Can Eğribayat,GK,,,,,,,,,,,,,,,,,,,,,,,,,,,,1170.0,13.0,12.0,0.92,40.0,30.0,72.5,4.0,30.8,2.0,1.0,1.0,0.0,50.0,1170.0,13.0,36.1,13.0,13.0,13.0,0.0,16.0,2.46,30.0,12.0,18.0,1.38,-0.05,,,,,,,13.0,0.0,0.0,0.0,,0.0,0.0,,,,,0.0,0.0,,,,,
Super Lig,2025-2026,Fenerbahçe,b3c67ed0,İrfan Can Eğribayat,GK,,,,,,,,,,,,,,,,,,,,,,,,,,,,180.0,2.0,1.0,0.5,3.0,2.0,66.7,1.0,50.0,0.0,0.0,0.0,0.0,,180.0,2.0,66.7,2.0,2.0,2.0,0.0,1.0,2.0,3.0,1.0,2.0,1.0,-1.0,,,,,,,2.0,0.0,0.0,0.0,,0.0,0.0,,,,,0.0,0.0,,,,,
Super Lig,2018-2019,İstanbul Başakşehir,d2800f47,İrfan Kahveci,MF,,,,,,,,,,,,,,,,,,,,,,,,,,,,,,,,,,,,,,,,,,2530.0,28.1,82.7,32.0,31.0,16.0,1.0,0.0,2.0,40.0,17.0,23.0,0.82,0.14,,,,,,,28.1,4.0,53.0,16.0,30.2,1.89,0.57,0.08,0.25,,,0.0,0.0,,,,,
Super Lig,2019-2020,İstanbul Başakşehir,d2800f47,İrfan Kahveci,MF,,,,,,,,,,,,,,,,,,,,,,,,,,,,,,,,,,,,,,,,,,2411.0,26.8,78.8,29.0,29.0,15.0,0.0,1.0,2.14,52.0,21.0,31.0,1.16,1.16,,,,,,,26.8,4.0,48.0,14.0,29.2,1.79,0.52,0.08,0.29,,,0.0,0.0,,,,,
Super Lig,2020-2021,Fenerbahçe,d2800f47,İrfan Kahveci,MF,,,,,,,,,,,,,,,,,,,,,,,,,,,,,,,,,,,,,,,,,,670.0,7.4,18.6,12.0,8.0,3.0,4.0,0.0,2.0,17.0,9.0,8.0,1.07,0.37,,,,,,,7.4,0.0,12.0,2.0,16.7,1.61,0.27,0.0,0.0,,,0.0,0.0,,,,,
Champions League,2020-2021,İstanbul Başakşehir,d2800f47,İrfan Kahveci,MF,,,,,,,,,,,,,,,,,,,,,,,,,,,,,,,,,,,,,,,,,,1479.0,16.4,41.1,18.0,18.0,10.0,0.0,0.0,1.22,22.0,24.0,-2.0,-0.12,0.3,,,,,,,16.4,2.0,41.0,10.0,24.4,2.49,0.61,0.05,0.2,,,0.0,0.0,,,,,
Super Lig,2020-2021,İstanbul Başakşehir,d2800f47,İrfan Kahveci,MF,,,,,,,,,,,,,,,,,,,,,,,,,,,,,,,,,,,,,,,,,,1479.0,16.4,41.1,18.0,18.0,10.0,0.0,0.0,1.22,22.0,24.0,-2.0,-0.12,0.3,,,,,,,16.4,2.0,41.0,10.0,24.4,2.49,0.61,0.05,0.2,,,0.0,0.0,,,,,
Conference League,2021-2022,Fenerbahçe,d2800f47,İrfan Kahveci,MF,,,,,,,,,,,,,,,,,,,,,,,,,,,,,,,,,,,,,,,,,,1629.0,18.1,47.6,24.0,21.0,6.0,3.0,1.0,1.79,32.0,14.0,18.0,0.99,0.14,,,,,,,18.1,4.0,38.0,18.0,47.4,2.1,0.99,0.11,0.22,,,0.0,1.0,,,,,
Super Lig,2021-2022,Fenerbahçe,d2800f47,İrfan Kahveci,MF,,,,,,,,,,,,,,,,,,,,,,,,,,,,,,,,,,,,,,,,,,1629.0,18.1,47.6,24.0,21.0,6.0,3.0,1.0,1.79,32.0,14.0,18.0,0.99,0.14,,,,,,,18.1,4.0,38.0,18.0,47.4,2.1,0.99,0.11,0.22,,,0.0,1.0,,,,,
Super Lig,2022-2023,Fenerbahçe,d2800f47,İrfan Kahveci,MF,,,,,,,,,,,,,,,,,,,,,,,,,,,,,,,,,,,,,,,,,,1504.0,16.7,49.2,27.0,19.0,1.0,8.0,1.0,2.14,34.0,21.0,13.0,0.78,-1.07,,,,,,,16.7,4.0,30.0,12.0,40.0,1.8,0.72,0.13,0.33,,,0.0,0.0,,,,,
Conference League,2023-2024,Fenerbahçe,d2800f47,İrfan Kahveci,MF,,,,,,,,,,,,,,,,,,,,,,,,,,,,,,,,,,,,,,,,,,2012.0,22.4,58.8,31.0,22.0,3.0,9.0,2.0,2.52,61.0,19.0,42.0,1.88,0.22,,,,,,,22.4,12.0,40.0,21.0,52.5,1.79,0.94,0.3,0.57,,,0.0,0.0,,,,,
Super Lig,2023-2024,Fenerbahçe,d2800f47,İrfan Kahveci,MF,,,,,,,,,,,,,,,,,,,,,,,,,,,,,,,,,,,,,,,,,,2012.0,22.4,58.8,31.0,22.0,3.0,9.0,2.0,2.52,61.0,19.0,42.0,1.88,0.22,,,,,,,22.4,12.0,40.0,21.0,52.5,1.79,0.94,0.3,0.57,,,0.0,0.0,,,,,
Super Lig,2024-2025,Fenerbahçe,d2800f47,İrfan Kahveci,MF,,,,,,,,,,,,,,,,,,,,,,,,,,,,,,,,,,,,,,,,,,928.0,10.3,28.6,26.0,9.0,1.0,17.0,8.0,2.31,25.0,9.0,16.0,1.55,0.19,,,,,,,10.3,2.0,20.0,8.0,40.0,1.94,0.78,0.1,0.25,,,0.0,0.0,,,,,
Super Lig,2025-2026,Fenerbahçe,d2800f47,İrfan Kahveci,MF,,,,,,,,,,,,,,,,,,,,,,,,,,,,,,,,,,,,,,,,,,104.0,1.2,38.5,3.0,1.0,0.0,2.0,0.0,2.33,3.0,1.0,2.0,1.73,0.65,,,,,,,1.2,0.0,4.0,0.0,0.0,3.46,0.0,0.0,,,,0.0,0.0,,,,,
Uefa Nations League,2025-2026,Türkiye,d2800f47,İrfan Kahveci,MF,,,,,,,,,,,,,,,,,,,,,,,,,,,,,,,,,,,,,,,,,,179.0,2.0,33.1,4.0,2.0,0.0,2.0,0.0,2.67,5.0,2.0,3.0,1.51,1.51,,,,,,,2.0,2.0,5.0,5.0,100.0,2.51,2.51,0.4,0.4,,,0.0,0.0,,,,,
Friendlies M,2026-2027,Türkiye,d2800f47,İrfan Kahveci,MF,,,,,,,,,,,,,,,,,,,,,,,,,,,,,,,,,,,,,,,,,,76.0,0.8,42.2,2.0,1.0,0.0,1.0,0.0,1.5,0.0,1.0,-1.0,-1.18,-2.05,,,,,,,0.8,0.0,,,,,,,,,,0.0,0.0,,,,,
Uefa Euro,2026-2027,Türkiye,d2800f47,İrfan Kahveci,FW,,0.1,0.0,0.0,0.0,0.0,0.0,0.0,0.0,,0.0,0.0,0.0,0.0,0.0,0.0,0.0,,0.1,0.0,0.0,0.0,0.0,0.0,0.0,0.0,0.0,,,,,,,,,,,,,,,8.0,0.1,1.8,1.0,0.0,0.0,1.0,2.0,3.0,0.0,0.0,0.0,0.0,0.0,0.1,1.0,-0.9,-10.16,-10.02,,0.1,0.0,0.0,0.0,,0.0,0.0,,,,0.0,0.0,0.0,0.0,0.0,,0.0,0.0
Uefa Euro Qualifying,2026-2027,Türkiye,d2800f47,İrfan Kahveci,FW,,0.1,0.0,0.0,0.0,0.0,0.0,0.0,0.0,,0.0,0.0,0.0,0.0,0.0,0.0,0.0,,0.1,0.0,0.0,0.0,0.0,0.0,0.0,0.0,0.0,,,,,,,,,,,,,,,8.0,0.1,1.8,1.0,0.0,0.0,1.0,2.0,3.0,0.0,0.0,0.0,0.0,0.0,0.1,1.0,-0.9,-10.16,-10.02,,0.1,0.0,0.0,0.0,,0.0,0.0,,,,0.0,0.0,0.0,0.0,0.0,,0.0,0.0
Serie A,2023-2024,Frosinone,c7d1b2ff,İsak Vural,MF,,,,,,,,,,,,,,,,,,,,,,,,,,,,,,,,,,,,,,,,,,,,,,0.0,0.0,0.0,1.0,,,,,,,,,,,,,,,,,,,,,,,,,,,,,,
Super Lig,2024-2025,Alanyaspor,24972a1b,İslam Aydın,FW,,,,,,,,,,,,,,,,,,,,,,,,,,,,,,,,,,,,,,,,,,,,,0.0,0.0,0.0,0.0,2.0,,,,,,,,,,,,,,,,,,,,,,,,,,,,,,
Super Lig,2024-2025,Konyaspor,4ffcd9cc,İsmail Buğa,MF,,,,,,,,,,,,,,,,,,,,,,,,,,,,,,,,,,,,,,,,,,,,,0.0,0.0,0.0,0.0,1.0,,,,,,,,,,,,,,,,,,,,,,,,,,,,,,
Super Lig,2020-2021,Konyaspor,b40f7683,İsmail Güven,MF,,,,,,,,,,,,,,,,,,,,,,,,,,,,,,,,,,,,,,,,,,46.0,0.5,1.3,2.0,0.0,0.0,2.0,8.0,2.0,0.0,0.0,0.0,0.0,-0.03,,,,,,,0.5,0.0,0.0,0.0,,0.0,0.0,,,,,0.0,0.0,,,,,
Super Lig,2018-2019,Fenerbahçe,58640e66,İsmail Köybaşı,DF,,,,,,,,,,,,,,,,,,,,,,,,,,,,,,,,,,,,,,,,,,496.0,5.5,16.2,9.0,5.0,2.0,4.0,20.0,1.56,5.0,5.0,0.0,0.0,0.0,,,,,,,5.5,0.0,6.0,2.0,33.3,1.09,0.36,0.0,0.0,,,0.0,0.0,,,,,
Super Lig,2020-2021,Rizespor,58640e66,İsmail Köybaşı,DF,,,,,,,,,,,,,,,,,,,,,,,,,,,,,,,,,,,,,,,,,,1246.0,13.8,34.6,20.0,14.0,9.0,6.0,5.0,1.85,28.0,22.0,6.0,0.43,1.27,,,,,,,13.8,3.0,10.0,4.0,40.0,0.72,0.29,0.3,0.75,,,0.0,0.0,,,,,
Super Lig,2021-2022,Trabzonspor,58640e66,İsmail Köybaşı,DF,,,,,,,,,,,,,,,,,,,,,,,,,,,,,,,,,,,,,,,,,,961.0,10.7,28.1,13.0,12.0,8.0,1.0,19.0,1.77,18.0,15.0,3.0,0.28,-0.82,,,,,,,10.7,0.0,3.0,3.0,100.0,0.28,0.28,0.0,0.0,,,0.0,0.0,,,,,
Super Lig,2024-2025,Göztepe,58640e66,İsmail Köybaşı,MF,,,,,,,,,,,,,,,,,,,,,,,,,,,,,,,,,,,,,,,,,,786.0,8.7,24.3,26.0,9.0,1.0,17.0,3.0,1.42,14.0,19.0,-5.0,-0.57,-1.09,,,,,,,8.7,2.0,15.0,7.0,46.7,1.72,0.8,0.13,0.29,,,0.0,0.0,,,,,
Super Lig,2025-2026,Göztepe,58640e66,İsmail Köybaşı,DF,,,,,,,,,,,,,,,,,,,,,,,,,,,,,,,,,,,,,,,,,,1.0,,0.3,1.0,0.0,0.0,1.0,1.0,1.0,0.0,0.0,0.0,0.0,-1.25,,,,,,,0.0,0.0,0.0,0.0,,0.0,0.0,,,,,0.0,0.0,,,,,
Super Lig,2020-2021,Fenerbahçe,6c5af908,İsmail Yüksek,MF,,,,,,,,,,,,,,,,,,,,,,,,,,,,,,,,,,,,,,,,,,13.0,0.1,0.4,1.0,0.0,0.0,1.0,3.0,3.0,0.0,1.0,-1.0,-6.92,-7.73,,,,,,,0.1,0.0,1.0,0.0,0.0,6.92,0.0,0.0,,,,0.0,0.0,,,,,
Super Lig,2022-2023,Fenerbahçe,6c5af908,İsmail Yüksek,MF,,,,,,,,,,,,,,,,,,,,,,,,,,,,,,,,,,,,,,,,,,739.0,8.2,24.2,19.0,7.0,3.0,12.0,11.0,2.53,20.0,15.0,5.0,0.61,-0.94,,,,,,,8.2,0.0,8.0,1.0,12.5,0.97,0.12,0.0,0.0,,,0.0,0.0,,,,,
Conference League,2023-2024,Fenerbahçe,6c5af908,İsmail Yüksek,MF,,,,,,,,,,,,,,,,,,,,,,,,,,,,,,,,,,,,,,,,,,2304.0,25.6,67.4,30.0,27.0,18.0,3.0,0.0,2.63,68.0,22.0,46.0,1.8,0.02,,,,,,,25.6,0.0,26.0,3.0,11.5,1.02,0.12,0.0,0.0,,,0.0,0.0,,,,,
Super Lig,2023-2024,Fenerbahçe,6c5af908,İsmail Yüksek,MF,,,,,,,,,,,,,,,,,,,,,,,,,,,,,,,,,,,,,,,,,,2304.0,25.6,67.4,30.0,27.0,18.0,3.0,0.0,2.63,68.0,22.0,46.0,1.8,0.02,,,,,,,25.6,0.0,26.0,3.0,11.5,1.02,0.12,0.0,0.0,,,0.0,0.0,,,,,
Super Lig,2024-2025,Fenerbahçe,6c5af908,İsmail Yüksek,MF,,,,,,,,,,,,,,,,,,,,,,,,,,,,,,,,,,,,,,,,,,999.0,11.1,30.8,20.0,13.0,6.0,7.0,5.0,2.29,23.0,11.0,12.0,1.08,-0.49,,,,,,,11.1,0.0,7.0,1.0,14.3,0.63,0.09,0.0,0.0,,,0.0,0.0,,,,,
Super Lig,2025-2026,Fenerbahçe,6c5af908,İsmail Yüksek,MF,,,,,,,,,,,,,,,,,,,,,,,,,,,,,,,,,,,,,,,,,,124.0,1.4,45.9,2.0,1.0,1.0,1.0,1.0,3.0,3.0,2.0,1.0,0.73,-1.12,,,,,,,1.4,0.0,2.0,1.0,50.0,1.45,0.73,0.0,0.0,,,0.0,0.0,,,,,
Uefa Nations League,2025-2026,Türkiye,6c5af908,İsmail Yüksek,MF,,,,,,,,,,,,,,,,,,,,,,,,,,,,,,,,,,,,,,,,,,235.0,2.6,43.5,4.0,2.0,0.0,2.0,0.0,1.83,2.0,2.0,0.0,0.0,-0.89,,,,,,,2.6,0.0,1.0,0.0,0.0,0.38,0.0,0.0,,,,0.0,0.0,,,,,
Friendlies M,2026-2027,Türkiye,6c5af908,İsmail Yüksek,MF,,,,,,,,,,,,,,,,,,,,,,,,,,,,,,,,,,,,,,,,,,151.0,1.7,83.9,2.0,2.0,1.0,0.0,0.0,1.5,2.0,2.0,0.0,0.0,0.0,,,,,,,1.7,0.0,,,,,,,,,,0.0,0.0,,,,,
Uefa Euro,2026-2027,Türkiye,6c5af908,İsmail Yüksek,MF,,1.7,6.0,2.0,2.0,3.0,1.0,3.0,5.0,60.0,2.0,2.0,1.0,1.0,1.0,4.0,0.0,,1.7,2.96,4.0,0.0,0.0,1.18,1.0,0.0,0.0,,,,,,,,,,,,,,,152.0,1.7,33.8,3.0,2.0,0.0,1.0,1.0,2.0,2.0,0.0,2.0,1.18,1.79,1.5,2.2,-0.7,-0.44,-0.18,,1.7,0.0,1.0,0.0,0.0,0.59,0.0,0.0,,22.4,0.0,0.0,0.0,0.1,0.1,0.06,-0.1,-0.1
Uefa Euro Qualifying,2026-2027,Türkiye,6c5af908,İsmail Yüksek,MF,,1.7,6.0,2.0,2.0,3.0,1.0,3.0,5.0,60.0,2.0,2.0,1.0,1.0,1.0,4.0,0.0,,1.7,2.96,4.0,0.0,0.0,1.18,1.0,0.0,0.0,,,,,,,,,,,,,,,152.0,1.7,33.8,3.0,2.0,0.0,1.0,1.0,2.0,2.0,0.0,2.0,1.18,1.79,1.5,2.2,-0.7,-0.44,-0.18,,1.7,0.0,1.0,0.0,0.0,0.59,0.0,0.0,,22.4,0.0,0.0,0.0,0.1,0.1,0.06,-0.1,-0.1
Super Lig,2021-2022,Alanyaspor,30d6ae27,İsmail Zehir,MF,,,,,,,,,,,,,,,,,,,,,,,,,,,,,,,,,,,,,,,,,,16.0,0.2,0.5,1.0,0.0,0.0,1.0,5.0,3.0,0.0,0.0,0.0,0.0,-0.24,,,,,,,0.2,0.0,0.0,0.0,,0.0,0.0,,,,,0.0,0.0,,,,,
Super Lig,2022-2023,Alanyaspor,30d6ae27,İsmail Zehir,MF,,,,,,,,,,,,,,,,,,,,,,,,,,,,,,,,,,,,,,,,,,,,,,0.0,0.0,0.0,5.0,,,,,,,,,,,,,,,,,,,,,,,,,,,,,,
Super Lig,2023-2024,Alanyaspor,30d6ae27,İsmail Zehir,MF,,,,,,,,,,,,,,,,,,,,,,,,,,,,,,,,,,,,,,,,,,,,,,0.0,0.0,0.0,1.0,,,,,,,,,,,,,,,,,,,,,,,,,,,,,,
Super Lig,2024-2025,Alanyaspor,30d6ae27,İsmail Zehir,MF,,,,,,,,,,,,,,,,,,,,,,,,,,,,,,,,,,,,,,,,,,,,,0.0,0.0,0.0,0.0,4.0,,,,,,,,,,,,,,,,,,,,,,,,,,,,,,
Super Lig,2024-2025,Hatayspor,7ca1abe6,İsmail Zobu,MF,,,,,,,,,,,,,,,,,,,,,,,,,,,,,,,,,,,,,,,,,,2.0,,0.1,1.0,0.0,0.0,1.0,2.0,0.0,0.0,2.0,-2.0,-90.0,-89.31,,,,,,,0.0,0.0,0.0,0.0,,0.0,0.0,,,,,0.0,0.0,,,,,
Champions League,2018-2019,Galatasaray,6dab92d4,İsmail Çipe,GK,,,,,,,,,,,,,,,,,,,,,,,,,,,,90.0,1.0,4.0,4.0,14.0,10.0,71.4,1.0,100.0,0.0,0.0,0.0,0.0,,91.0,1.0,3.0,2.0,1.0,1.0,1.0,31.0,2.0,5.0,5.0,0.0,0.0,-1.09,,,,,,,1.0,0.0,0.0,0.0,,0.0,0.0,,,,,0.0,0.0,,,,,
Super Lig,2018-2019,Galatasaray,6dab92d4,İsmail Çipe,GK,,,,,,,,,,,,,,,,,,,,,,,,,,,,90.0,1.0,4.0,4.0,14.0,10.0,71.4,1.0,100.0,0.0,0.0,0.0,0.0,,91.0,1.0,3.0,2.0,1.0,1.0,1.0,31.0,2.0,5.0,5.0,0.0,0.0,-1.09,,,,,,,1.0,0.0,0.0,0.0,,0.0,0.0,,,,,0.0,0.0,,,,,
Super Lig,2019-2020,Kayserispor,6dab92d4,İsmail Çipe,GK,,,,,,,,,,,,,,,,,,,,,,,,,,,,450.0,5.0,17.0,3.4,36.0,20.0,55.6,0.0,0.0,1.0,1.0,0.0,0.0,0.0,450.0,5.0,14.7,5.0,5.0,5.0,0.0,27.0,0.2,5.0,17.0,-12.0,-2.4,-1.71,,,,,,,5.0,0.0,0.0,0.0,,0.0,0.0,,,,,0.0,0.0,,,,,
Super Lig,2020-2021,Kayserispor,6dab92d4,İsmail Çipe,GK,,,,,,,,,,,,,,,,,,,,,,,,,,,,405.0,4.5,7.0,1.56,23.0,18.0,78.3,1.0,25.0,2.0,2.0,0.0,0.0,0.0,405.0,4.5,11.3,5.0,4.0,4.0,1.0,27.0,0.6,5.0,7.0,-2.0,-0.44,-0.02,,,,,,,4.5,0.0,0.0,0.0,,0.0,0.0,,,,,0.0,0.0,,,,,
Super Lig,2021-2022,Galatasaray,6dab92d4,İsmail Çipe,GK,,,,,,,,,,,,,,,,,,,,,,,,,,,,548.0,6.1,11.0,1.81,23.0,13.0,56.5,1.0,16.7,1.0,1.0,0.0,0.0,0.0,548.0,6.1,16.0,7.0,6.0,6.0,1.0,16.0,0.57,6.0,11.0,-5.0,-0.82,-0.92,,,,,,,6.1,0.0,0.0,0.0,,0.0,0.0,,,,,0.0,0.0,,,,,
Super Lig,2021-2022,Adana Demirspor,6a143565,İsmail Çokçalış,DF,,,,,,,,,,,,,,,,,,,,,,,,,,,,,,,,,,,,,,,,,,198.0,2.2,5.8,3.0,2.0,1.0,1.0,8.0,1.0,8.0,2.0,6.0,2.73,2.53,,,,,,,2.2,0.0,0.0,0.0,,0.0,0.0,,,,,0.0,0.0,,,,,
Super Lig,2022-2023,Adana Demirspor,6a143565,İsmail Çokçalış,DF,,,,,,,,,,,,,,,,,,,,,,,,,,,,,,,,,,,,,,,,,,404.0,4.5,13.2,6.0,5.0,2.0,1.0,26.0,2.0,12.0,10.0,2.0,0.45,-0.54,,,,,,,4.5,0.0,2.0,0.0,0.0,0.45,0.0,0.0,,,,0.0,0.0,,,,,
Super Lig,2023-2024,Adana Demirspor,6a143565,İsmail Çokçalış,DF,,,,,,,,,,,,,,,,,,,,,,,,,,,,,,,,,,,,,,,,,,1076.0,12.0,31.5,14.0,13.0,9.0,1.0,19.0,0.93,12.0,21.0,-9.0,-0.75,-0.83,,,,,,,12.0,0.0,4.0,2.0,50.0,0.33,0.17,0.0,0.0,,,0.0,0.0,,,,,
Super Lig,2018-2019,Alanyaspor,20995b1d,İsmail Ünal,GK,,,,,,,,,,,,,,,,,,,,,,,,,,,,,,,,,,,,,,,,,,,,,,0.0,0.0,0.0,9.0,,,,,,,,,,,,,,,,,,,,,,,,,,,,,,
Super Lig,2019-2020,Alanyaspor,20995b1d,İsmail Ünal,GK,,,,,,,,,,,,,,,,,,,,,,,,,,,,,,,,,,,,,,,,,,,,,,0.0,0.0,0.0,1.0,,,,,,,,,,,,,,,,,,,,,,,,,,,,,,
Conference League,2021-2022,Qarabağ,55a480e4,İsmayıl İbrahimli,MF,,0.3,0.0,0.0,0.0,0.0,0.0,0.0,3.0,0.0,3.0,0.0,0.0,0.0,1.0,0.0,0.0,,0.3,0.0,0.0,0.0,0.0,0.0,0.0,0.0,0.0,,,,,,,,,,,,,,,24.0,0.3,3.3,3.0,0.0,0.0,3.0,3.0,1.63,0.0,2.0,-2.0,-7.5,-7.37,0.1,1.1,-1.0,-3.73,-4.3,,0.3,0.0,0.0,0.0,,0.0,0.0,,,,0.0,0.0,0.0,0.0,0.0,,0.0,0.0
Conference League,2022-2023,Qarabağ,55a480e4,İsmayıl İbrahimli,MF,,,,,,,,,,,,,,,,,,,,,,,,,,,,,,,,,,,,,,,,,,,,,,0.0,0.0,0.0,6.0,,,,,,,,,,,,,,,,,,,,,,,,,,,,,,
Uefa Nations League,2025-2026,Azerbaijan,55a480e4,İsmayıl İbrahimli,MF,,,,,,,,,,,,,,,,,,,,,,,,,,,,,,,,,,,,,,,,,,,,,,0.0,0.0,0.0,2.0,,,,,,,,,,,,,,,,,,,,,,,,,,,,,,
Friendlies M,2026-2027,Azerbaijan,55a480e4,İsmayıl İbrahimli,MF,,,,,,,,,,,,,,,,,,,,,,,,,,,,,,,,,,,,,,,,,,100.0,1.1,27.8,3.0,1.0,0.0,2.0,1.0,0.33,1.0,2.0,-1.0,-0.9,0.83,,,,,,,1.1,0.0,,,,,,,,,,0.0,0.0,,,,,
Super Lig,2023-2024,İstanbulspor,2ef5a715,İzzet Topatar,MF,,,,,,,,,,,,,,,,,,,,,,,,,,,,,,,,,,,,,,,,,,40.0,0.4,1.2,2.0,0.0,0.0,2.0,7.0,0.5,0.0,2.0,-2.0,-4.5,-3.14,,,,,,,0.4,0.0,1.0,0.0,0.0,2.25,0.0,0.0,,,,0.0,0.0,,,,,
Super Lig,2021-2022,Adana Demirspor,a3255b25,İzzet Çelik,MF,,,,,,,,,,,,,,,,,,,,,,,,,,,,,,,,,,,,,,,,,,2.0,,0.1,1.0,0.0,0.0,1.0,12.0,3.0,0.0,0.0,0.0,0.0,-0.34,,,,,,,0.0,0.0,0.0,0.0,,0.0,0.0,,,,,0.0,0.0,,,,,
Super Lig,2023-2024,Adana Demirspor,a3255b25,İzzet Çelik,MF,,,,,,,,,,,,,,,,,,,,,,,,,,,,,,,,,,,,,,,,,,49.0,0.5,1.4,5.0,0.0,0.0,5.0,14.0,0.6,1.0,3.0,-2.0,-3.67,-3.54,,,,,,,0.5,0.0,0.0,0.0,,0.0,0.0,,,,,0.0,0.0,,,,,
Super Lig,2024-2025,Adana Demirspor,a3255b25,İzzet Çelik,MF,,,,,,,,,,,,,,,,,,,,,,,,,,,,,,,,,,,,,,,,,,1791.0,19.9,55.3,25.0,22.0,9.0,3.0,4.0,0.4,19.0,43.0,-24.0,-1.21,0.91,,,,,,,19.9,0.0,6.0,2.0,33.3,0.3,0.1,0.0,0.0,,,0.0,0.0,,,,,
Super Lig,2025-2026,Alanyaspor,a3255b25,İzzet Çelik,MF,,,,,,,,,,,,,,,,,,,,,,,,,,,,,,,,,,,,,,,,,,32.0,0.4,11.9,2.0,0.0,0.0,2.0,1.0,1.5,1.0,0.0,1.0,2.81,2.81,,,,,,,0.4,0.0,0.0,0.0,,0.0,0.0,,,,,0.0,0.0,,,,,
Ekstraklasa,2018-2019,Zagłębie Lubin,1a99a67e,Ľubomír Guldan,DF,,,,,,,,,,,,,,,,,,,,,,,,,,,,,,,,,,,,,,,,,,3015.0,33.5,90.5,34.0,34.0,33.0,0.0,0.0,1.56,54.0,40.0,14.0,0.42,1.85,,,,,,,33.5,1.0,,,,,,,,,,0.0,0.0,,,,,
Ekstraklasa,2019-2020,Zagłębie Lubin,1a99a67e,Ľubomír Guldan,DF,,,,,,,,,,,,,,,,,,,,,,,,,,,,,,,,,,,,,,,,,,3059.0,34.0,91.9,34.0,34.0,33.0,0.0,0.0,1.47,57.0,48.0,9.0,0.26,0.6,,,,,,,34.0,1.0,,,,,,,,,,0.0,0.0,,,,,
Ekstraklasa,2020-2021,Zagłębie Lubin,1a99a67e,Ľubomír Guldan,DF,,,,,,,,,,,,,,,,,,,,,,,,,,,,,,,,,,,,,,,,,,1260.0,14.0,46.7,14.0,14.0,14.0,0.0,0.0,1.57,18.0,15.0,3.0,0.21,0.53,,,,,,,14.0,2.0,,,,,,,,,,0.0,0.0,,,,,
Coppa Italia,2018-2019,Hellas Verona,b02af64f,Ľubomír Tupta,FW,,7.0,4.0,3.0,2.0,0.0,2.0,1.0,5.0,20.0,4.0,7.0,1.0,6.0,2.0,5.0,0.0,,7.0,3.59,17.0,2.0,0.0,0.72,3.0,0.0,0.0,,,,,,,,,,,,,,,626.0,7.0,19.9,17.0,5.0,4.0,12.0,17.0,1.79,10.0,6.0,4.0,0.58,0.61,13.5,7.3,6.2,0.89,0.79,,7.0,2.0,22.0,8.0,36.4,3.16,1.15,0.09,0.25,18.7,5.0,0.0,0.0,3.6,3.6,0.16,-1.6,-1.6
Coppa Italia,2019-2020,Hellas Verona,b02af64f,Ľubomír Tupta,FW,,,,,,,,,,,,,,,,,,,,,,,,,,,,,,,,,,,,,,,,,,,,,,0.0,0.0,0.0,3.0,,,,,,,,,,,,,,,,,,,,,,,,,,,,,,
Serie A,2019-2020,Hellas Verona,b02af64f,Ľubomír Tupta,FW,,,,,,,,,,,,,,,,,,,,,,,,,,,,,,,,,,,,,,,,,,,,,,0.0,0.0,0.0,3.0,,,,,,,,,,,,,,,,,,,,,,,,,,,,,,
Ekstraklasa,2019-2020,Wisła Kraków,b02af64f,Ľubomír Tupta,FW,,,,,,,,,,,,,,,,,,,,,,,,,,,,,,,,,,,,,,,,,,545.0,6.1,16.4,10.0,7.0,0.0,3.0,4.0,1.3,6.0,9.0,-3.0,-0.5,-0.2,,,,,,,6.1,1.0,,,,,,,,,,0.0,0.0,,,,,
Serie A,2020-2021,Hellas Verona,b02af64f,Ľubomír Tupta,FW,,0.6,0.0,0.0,0.0,0.0,0.0,0.0,0.0,,0.0,0.0,0.0,0.0,0.0,0.0,0.0,,0.6,18.0,1.0,0.0,0.0,0.0,0.0,0.0,0.0,,,,,,,,,,,,,,,50.0,0.6,1.5,2.0,1.0,0.0,1.0,0.0,1.5,0.0,0.0,0.0,0.0,0.05,0.1,0.0,0.1,1.6,1.71,,0.6,0.0,2.0,1.0,50.0,3.6,1.8,0.0,0.0,13.2,0.0,0.0,0.0,0.0,0.0,0.04,0.0,0.0
Ekstraklasa,2024-2025,Widzew Łódź,b02af64f,Ľubomír Tupta,FW,,,,,,,,,,,,,,,,,,,,,,,,,,,,,,,,,,,,,,,,,,888.0,9.9,29.0,12.0,11.0,1.0,1.0,0.0,1.17,11.0,9.0,2.0,0.2,0.74,,,,,,,9.9,1.0,21.0,4.0,19.0,2.13,0.41,0.05,0.25,,,0.0,0.0,,,,,
Super League Greece,2025-2026,Larissa,b02af64f,Ľubomír Tupta,FW,,,,,,,,,,,,,,,,,,,,,,,,,,,,,,,,,,,,,,,,,,180.0,2.0,100.0,2.0,2.0,2.0,0.0,0.0,0.5,1.0,2.0,-1.0,-0.5,,,,,,,,2.0,0.0,,,,,,,,,,0.0,0.0,,,,,
Uefa Nations League,2025-2026,Slovakia,b02af64f,Ľubomír Tupta,FW,,,,,,,,,,,,,,,,,,,,,,,,,,,,,,,,,,,,,,,,,,74.0,0.8,13.7,4.0,1.0,0.0,3.0,2.0,2.0,1.0,0.0,1.0,1.22,0.44,,,,,,,0.8,0.0,3.0,1.0,33.3,3.65,1.22,0.0,0.0,,,0.0,0.0,,,,,
Friendlies M,2026-2027,Slovakia,b02af64f,Ľubomír Tupta,FW,,,,,,,,,,,,,,,,,,,,,,,,,,,,,,,,,,,,,,,,,,140.0,1.6,77.8,2.0,2.0,0.0,0.0,0.0,0.0,1.0,3.0,-2.0,-1.29,3.21,,,,,,,1.6,0.0,,,,,,,,,,0.0,0.0,,,,,
Uefa Euro,2026-2027,Slovakia,b02af64f,Ľubomír Tupta,MF,,0.1,0.0,0.0,0.0,0.0,0.0,0.0,0.0,,0.0,0.0,0.0,0.0,0.0,0.0,0.0,,0.1,,0.0,0.0,0.0,,0.0,0.0,0.0,,,,,,,,,,,,,,,12.0,0.1,3.1,1.0,0.0,0.0,1.0,3.0,0.0,0.0,0.0,0.0,0.0,0.24,0.3,0.1,0.2,,,,0.1,0.0,1.0,0.0,0.0,7.5,0.0,0.0,,30.8,1.0,0.0,0.0,0.0,0.0,0.05,0.0,0.0
Uefa Euro Qualifying,2026-2027,Slovakia,b02af64f,Ľubomír Tupta,MF,,0.1,0.0,0.0,0.0,0.0,0.0,0.0,0.0,,0.0,0.0,0.0,0.0,0.0,0.0,0.0,,0.1,,0.0,0.0,0.0,,0.0,0.0,0.0,,,,,,,,,,,,,,,12.0,0.1,3.1,1.0,0.0,0.0,1.0,3.0,0.0,0.0,0.0,0.0,0.0,0.24,0.3,0.1,0.2,,,,0.1,0.0,1.0,0.0,0.0,7.5,0.0,0.0,,30.8,1.0,0.0,0.0,0.0,0.0,0.05,0.0,0.0
Ekstraklasa,2019-2020,Lech Poznań,d665d581,Ľubomír Šatka,DF,,,,,,,,,,,,,,,,,,,,,,,,,,,,,,,,,,,,,,,,,,2790.0,31.0,83.8,31.0,31.0,31.0,0.0,3.0,1.81,58.0,27.0,31.0,1.0,0.33,,,,,,,31.0,1.0,,,,,,,,,,0.0,0.0,,,,,
Ekstraklasa,2020-2021,Lech Poznań,d665d581,Ľubomír Šatka,DF,,,,,,,,,,,,,,,,,,,,,,,,,,,,,,,,,,,,,,,,,,1530.0,17.0,56.7,17.0,17.0,17.0,0.0,5.0,1.06,22.0,22.0,0.0,0.0,-0.08,,,,,,,17.0,0.0,,,,,,,,,,0.0,0.0,,,,,
Ekstraklasa,2021-2022,Lech Poznań,d665d581,Ľubomír Šatka,DF,,,,,,,,,,,,,,,,,,,,,,,,,,,,,,,,,,,,,,,,,,1967.0,21.9,64.3,25.0,22.0,20.0,3.0,4.0,2.2,42.0,16.0,26.0,1.19,-0.21,,,,,,,21.9,1.0,,,,,,,,,,0.0,0.0,,,,,
Conference League,2022-2023,Lech Poznań,d665d581,Ľubomír Šatka,DF,,,,,,,,,,,,,,,,,,,,,,,,,,,,,,,,,,,,,,,,,,1140.0,12.7,37.3,13.0,13.0,12.0,0.0,8.0,1.85,18.0,11.0,7.0,0.55,-0.15,,,,,,,12.7,1.0,,,,,,,,,,0.0,0.0,,,,,
Ekstraklasa,2022-2023,Lech Poznań,d665d581,Ľubomír Šatka,DF,,,,,,,,,,,,,,,,,,,,,,,,,,,,,,,,,,,,,,,,,,1140.0,12.7,37.3,13.0,13.0,12.0,0.0,8.0,1.85,18.0,11.0,7.0,0.55,-0.15,,,,,,,12.7,1.0,,,,,,,,,,0.0,0.0,,,,,
Super Lig,2023-2024,Samsunspor,d665d581,Ľubomír Šatka,DF,,,,,,,,,,,,,,,,,,,,,,,,,,,,,,,,,,,,,,,,,,2208.0,24.5,64.6,26.0,25.0,24.0,1.0,4.0,1.35,31.0,29.0,2.0,0.08,0.97,,,,,,,24.5,1.0,3.0,1.0,33.3,0.12,0.04,0.33,1.0,,,0.0,0.0,,,,,
Super Lig,2024-2025,Samsunspor,d665d581,Ľubomír Šatka,DF,,,,,,,,,,,,,,,,,,,,,,,,,,,,,,,,,,,,,,,,,,2741.0,30.5,84.6,31.0,31.0,29.0,0.0,0.0,1.81,46.0,31.0,15.0,0.49,0.67,,,,,,,30.5,0.0,9.0,3.0,33.3,0.3,0.1,0.0,0.0,,,0.0,0.0,,,,,
Super Lig,2025-2026,Samsunspor,d665d581,Ľubomír Šatka,DF,,,,,,,,,,,,,,,,,,,,,,,,,,,,,,,,,,,,,,,,,,270.0,3.0,100.0,3.0,3.0,3.0,0.0,0.0,2.33,4.0,2.0,2.0,0.67,,,,,,,,3.0,0.0,0.0,0.0,,0.0,0.0,,,,,0.0,0.0,,,,,
Uefa Nations League,2025-2026,Slovakia,d665d581,Ľubomír Šatka,DF,,,,,,,,,,,,,,,,,,,,,,,,,,,,,,,,,,,,,,,,,,90.0,1.0,16.7,1.0,1.0,1.0,0.0,5.0,3.0,3.0,1.0,2.0,2.0,1.4,,,,,,,1.0,0.0,0.0,0.0,,0.0,0.0,,,,,0.0,0.0,,,,,
Friendlies M,2026-2027,Slovakia,d665d581,Ľubomír Šatka,DF,,,,,,,,,,,,,,,,,,,,,,,,,,,,,,,,,,,,,,,,,,105.0,1.2,58.3,2.0,1.0,1.0,1.0,0.0,0.0,0.0,3.0,-3.0,-2.57,-1.37,,,,,,,1.2,0.0,,,,,,,,,,0.0,0.0,,,,,
Premier League 2,2020-2021,Manchester United U23,76987501,Łukasz Bejger,DF,,,,,,,,,,,,,,,,,,,,,,,,,,,,,,,,,,,,,,,,,,220.0,2.4,10.2,5.0,3.0,1.0,2.0,0.0,1.4,8.0,7.0,1.0,0.41,0.5,,,,,,,2.4,0.0,,,,,,,,,,0.0,0.0,,,,,
Ekstraklasa,2020-2021,Śląsk Wrocław,76987501,Łukasz Bejger,DF,,,,,,,,,,,,,,,,,,,,,,,,,,,,,,,,,,,,,,,,,,937.0,10.4,34.7,11.0,10.0,10.0,1.0,3.0,1.55,13.0,12.0,1.0,0.1,-0.06,,,,,,,10.4,0.0,,,,,,,,,,0.0,0.0,,,,,
Ekstraklasa,2021-2022,Śląsk Wrocław,76987501,Łukasz Bejger,DF,,,,,,,,,,,,,,,,,,,,,,,,,,,,,,,,,,,,,,,,,,1669.0,18.5,54.5,23.0,19.0,15.0,4.0,5.0,0.91,17.0,30.0,-13.0,-0.7,-0.9,,,,,,,18.5,0.0,,,,,,,,,,0.0,0.0,,,,,
Ekstraklasa,2022-2023,Śląsk Wrocław,76987501,Łukasz Bejger,DF,,,,,,,,,,,,,,,,,,,,,,,,,,,,,,,,,,,,,,,,,,1761.0,19.6,57.5,21.0,21.0,15.0,0.0,6.0,1.14,23.0,25.0,-2.0,-0.1,0.66,,,,,,,19.6,2.0,,,,,,,,,,0.0,0.0,,,,,
Ekstraklasa,2023-2024,Śląsk Wrocław,76987501,Łukasz Bejger,DF,,,,,,,,,,,,,,,,,,,,,,,,,,,,,,,,,,,,,,,,,,2632.0,29.2,86.0,32.0,31.0,25.0,1.0,0.0,1.88,42.0,24.0,18.0,0.62,0.41,,,,,,,29.2,1.0,,,,,,,,,,0.0,0.0,,,,,
Conference League,2024-2025,Nk Celje,76987501,Łukasz Bejger,DF,,3.9,2.0,0.0,2.0,0.0,0.0,2.0,2.0,100.0,0.0,1.0,1.0,0.0,2.0,22.0,0.0,,3.9,1.11,3.0,1.0,0.0,0.56,2.0,0.0,0.0,,,,,,,,,,,,,,,354.0,3.9,31.9,4.0,4.0,2.0,0.0,2.0,1.75,9.0,7.0,2.0,0.51,0.63,6.0,5.0,1.0,0.29,-0.05,,3.9,0.0,1.0,0.0,0.0,0.25,0.0,0.0,,17.0,0.0,0.0,0.0,0.0,0.0,0.02,0.0,0.0
Ekstraklasa,2024-2025,Śląsk Wrocław,76987501,Łukasz Bejger,DF,,,,,,,,,,,,,,,,,,,,,,,,,,,,,,,,,,,,,,,,,,431.0,4.8,14.1,7.0,5.0,3.0,2.0,3.0,0.29,4.0,10.0,-6.0,-1.25,-0.94,,,,,,,4.8,0.0,3.0,1.0,33.3,0.63,0.21,0.0,0.0,,,0.0,0.0,,,,,
Ekstraklasa,2018-2019,Śląsk Wrocław,67b55bef,Łukasz Broź,DF,,,,,,,,,,,,,,,,,,,,,,,,,,,,,,,,,,,,,,,,,,1927.0,21.4,57.9,22.0,22.0,20.0,0.0,3.0,1.27,33.0,29.0,4.0,0.19,0.19,,,,,,,21.4,0.0,,,,,,,,,,0.0,0.0,,,,,
Ekstraklasa,2019-2020,Śląsk Wrocław,67b55bef,Łukasz Broź,DF,,,,,,,,,,,,,,,,,,,,,,,,,,,,,,,,,,,,,,,,,,1343.0,14.9,40.3,15.0,15.0,14.0,0.0,0.0,1.8,21.0,14.0,7.0,0.47,0.56,,,,,,,14.9,3.0,,,,,,,,,,1.0,1.0,,,,,
Ekstraklasa,2018-2019,Pogoń Szczecin,8c1ead4d,Łukasz Budziłek,GK,,,,,,,,,,,,,,,,,,,,,,,,,,,,90.0,1.0,0.0,0.0,,,,0.0,0.0,0.0,0.0,0.0,0.0,,90.0,1.0,2.7,1.0,1.0,1.0,0.0,15.0,0.0,0.0,3.0,-3.0,-3.0,-3.17,,,,,,,1.0,0.0,,,,,,,,,,0.0,0.0,,,,,
Ekstraklasa,2021-2022,Bruk-Bet Termalica Nieciecza,8c1ead4d,Łukasz Budziłek,GK,,,,,,,,,,,,,,,,,,,,,,,,,,,,270.0,3.0,,,,,,0.0,0.0,0.0,0.0,0.0,0.0,,270.0,3.0,8.8,3.0,3.0,3.0,0.0,14.0,1.33,4.0,4.0,0.0,0.0,0.65,,,,,,,3.0,0.0,,,,,,,,,,0.0,0.0,,,,,
Ekstraklasa,2018-2019,Jagiellonia,7b88c8ac,Łukasz Burliga,DF,,,,,,,,,,,,,,,,,,,,,,,,,,,,,,,,,,,,,,,,,,849.0,9.4,25.5,11.0,10.0,7.0,1.0,2.0,1.91,21.0,13.0,8.0,0.85,1.03,,,,,,,9.4,1.0,,,,,,,,,,0.0,0.0,,,,,
Ekstraklasa,2018-2019,Wisła Kraków,7b88c8ac,Łukasz Burliga,DF,,,,,,,,,,,,,,,,,,,,,,,,,,,,,,,,,,,,,,,,,,627.0,7.0,18.8,11.0,7.0,4.0,4.0,0.0,1.36,24.0,14.0,10.0,1.44,1.64,,,,,,,7.0,2.0,,,,,,,,,,0.0,0.0,,,,,
Ekstraklasa,2019-2020,Wisła Kraków,7b88c8ac,Łukasz Burliga,DF,,,,,,,,,,,,,,,,,,,,,,,,,,,,,,,,,,,,,,,,,,920.0,10.2,27.6,13.0,10.0,7.0,3.0,6.0,1.23,12.0,23.0,-11.0,-1.08,-1.04,,,,,,,10.2,1.0,,,,,,,,,,0.0,0.0,,,,,
Ekstraklasa,2020-2021,Wisła Kraków,7b88c8ac,Łukasz Burliga,DF,,,,,,,,,,,,,,,,,,,,,,,,,,,,,,,,,,,,,,,,,,1626.0,18.1,60.2,22.0,18.0,12.0,4.0,3.0,1.0,17.0,23.0,-6.0,-0.33,-0.58,,,,,,,18.1,1.0,,,,,,,,,,0.0,0.0,,,,,
Efl Cup,2018-2019,West Ham United,9328b835,Łukasz Fabiański,GK,,38.0,1.0,0.0,1.0,0.0,0.0,1.0,3.0,33.3,2.0,0.0,0.0,0.0,1.0,10.0,1.0,,38.0,0.13,4.0,0.0,0.0,0.0,0.0,0.0,0.0,3420.0,38.0,55.0,1.45,198.0,143.0,74.2,7.0,18.4,5.0,4.0,1.0,0.0,20.0,3420.0,38.0,100.0,38.0,38.0,38.0,0.0,0.0,1.37,52.0,55.0,-3.0,-0.08,,47.6,61.9,-14.3,-0.38,,,38.0,0.0,0.0,0.0,,0.0,0.0,,,,0.0,0.0,0.0,0.0,0.0,,0.0,0.0
Fa Cup,2018-2019,West Ham United,9328b835,Łukasz Fabiański,GK,,38.0,1.0,0.0,1.0,0.0,0.0,1.0,3.0,33.3,2.0,0.0,0.0,0.0,1.0,10.0,1.0,,38.0,0.13,4.0,0.0,0.0,0.0,0.0,0.0,0.0,3420.0,38.0,55.0,1.45,198.0,143.0,74.2,7.0,18.4,5.0,4.0,1.0,0.0,20.0,3420.0,38.0,100.0,38.0,38.0,38.0,0.0,0.0,1.37,52.0,55.0,-3.0,-0.08,,47.6,61.9,-14.3,-0.38,,,38.0,0.0,0.0,0.0,,0.0,0.0,,,,0.0,0.0,0.0,0.0,0.0,,0.0,0.0
Efl Cup,2019-2020,West Ham United,9328b835,Łukasz Fabiański,GK,,23.5,2.0,2.0,2.0,0.0,0.0,2.0,4.0,50.0,2.0,0.0,0.0,0.0,1.0,5.0,3.0,,23.5,0.09,2.0,0.0,0.0,0.0,0.0,0.0,0.0,2117.0,23.5,34.0,1.45,104.0,71.0,70.2,5.0,20.0,4.0,3.0,1.0,0.0,25.0,2117.0,23.5,61.9,25.0,25.0,23.0,0.0,0.0,1.24,36.0,34.0,2.0,0.09,1.12,32.2,36.8,-4.6,-0.19,0.54,,23.5,0.0,0.0,0.0,,0.0,0.0,,,,0.0,0.0,0.0,0.0,0.0,,0.0,0.0
Fa Cup,2019-2020,West Ham United,9328b835,Łukasz Fabiański,GK,,23.5,2.0,2.0,2.0,0.0,0.0,2.0,4.0,50.0,2.0,0.0,0.0,0.0,1.0,5.0,3.0,,23.5,0.09,2.0,0.0,0.0,0.0,0.0,0.0,0.0,2117.0,23.5,34.0,1.45,104.0,71.0,70.2,5.0,20.0,4.0,3.0,1.0,0.0,25.0,2117.0,23.5,61.9,25.0,25.0,23.0,0.0,0.0,1.24,36.0,34.0,2.0,0.09,1.12,32.2,36.8,-4.6,-0.19,0.54,,23.5,0.0,0.0,0.0,,0.0,0.0,,,,0.0,0.0,0.0,0.0,0.0,,0.0,0.0
Conference League,2022-2023,West Ham United,9328b835,Łukasz Fabiański,GK,,34.6,2.0,0.0,2.0,0.0,0.0,1.0,2.0,50.0,1.0,1.0,0.0,1.0,0.0,10.0,1.0,,34.6,0.06,0.0,0.0,0.0,0.0,0.0,0.0,0.0,3111.0,34.6,48.0,1.39,154.0,106.0,70.1,8.0,22.2,4.0,2.0,1.0,1.0,33.3,3111.0,34.6,91.0,36.0,36.0,33.0,0.0,0.0,1.08,37.0,48.0,-11.0,-0.32,0.26,43.9,45.5,-1.7,-0.05,0.59,,34.6,0.0,0.0,0.0,,0.0,0.0,,,,0.0,0.0,0.0,0.0,0.0,,0.0,0.0
Ekstraklasa,2018-2019,Miedź,9ae3dea4,Łukasz Garguła,MF,,,,,,,,,,,,,,,,,,,,,,,,,,,,,,,,,,,,,,,,,,282.0,3.1,8.5,11.0,2.0,1.0,9.0,16.0,0.64,2.0,7.0,-5.0,-1.6,-1.01,,,,,,,3.1,0.0,,,,,,,,,,0.0,0.0,,,,,
Liga I,2019-2020,Fcsb,59de1e79,Łukasz Gikiewicz,FW,,,,,,,,,,,,,,,,,,,,,,,,,,,,,,,,,,,,,,,,,,195.0,2.2,6.2,3.0,3.0,1.0,0.0,0.0,0.0,3.0,5.0,-2.0,-0.92,-1.2,,,,,,,2.2,0.0,,,,,,,,,,0.0,0.0,,,,,
Ekstraklasa,2018-2019,Zagłębie Lubin,be4a7455,Łukasz Janoszka,MF,,,,,,,,,,,,,,,,,,,,,,,,,,,,,,,,,,,,,,,,,,425.0,4.7,12.8,11.0,6.0,0.0,5.0,4.0,1.18,5.0,9.0,-4.0,-0.85,-1.25,,,,,,,4.7,1.0,,,,,,,,,,0.0,1.0,,,,,
Ekstraklasa,2018-2019,Korona Kielce,cb813d61,Łukasz Kosakiewicz,DF,,,,,,,,,,,,,,,,,,,,,,,,,,,,,,,,,,,,,,,,,,1621.0,18.0,48.7,24.0,16.0,15.0,8.0,9.0,1.5,21.0,26.0,-5.0,-0.28,0.09,,,,,,,18.0,0.0,,,,,,,,,,0.0,0.0,,,,,
Ekstraklasa,2019-2020,Korona Kielce,cb813d61,Łukasz Kosakiewicz,DF,,,,,,,,,,,,,,,,,,,,,,,,,,,,,,,,,,,,,,,,,,17.0,0.2,0.5,1.0,0.0,0.0,1.0,0.0,3.0,0.0,0.0,0.0,0.0,0.52,,,,,,,0.2,0.0,,,,,,,,,,0.0,0.0,,,,,
Ekstraklasa,2018-2019,Zagłębie Lubin,a83f9fda,Łukasz Moneta,MF,,,,,,,,,,,,,,,,,,,,,,,,,,,,,,,,,,,,,,,,,,7.0,0.1,0.2,3.0,0.0,0.0,3.0,3.0,2.33,0.0,0.0,0.0,0.0,-0.24,,,,,,,0.1,0.0,,,,,,,,,,0.0,0.0,,,,,
Ekstraklasa,2023-2024,Ruch Chorzów,a83f9fda,Łukasz Moneta,MF,,,,,,,,,,,,,,,,,,,,,,,,,,,,,,,,,,,,,,,,,,722.0,8.0,23.6,18.0,9.0,0.0,9.0,2.0,0.94,12.0,21.0,-9.0,-1.12,-0.89,,,,,,,8.0,1.0,,,,,,,,,,0.0,0.0,,,,,
Champions League,2018-2019,Dortmund,fe2db476,Łukasz Piszczek,DF,,19.5,57.0,36.0,34.0,15.0,8.0,18.0,33.0,54.5,15.0,26.0,3.0,23.0,39.0,69.0,0.0,,19.5,1.85,30.0,1.0,1.0,0.36,6.0,0.0,0.0,,,,,,,,,,,,,,,1756.0,19.5,57.4,20.0,20.0,17.0,0.0,3.0,2.2,42.0,23.0,19.0,0.97,-0.27,34.1,23.4,10.7,0.55,-0.2,,19.5,1.0,12.0,4.0,33.3,0.62,0.21,0.08,0.25,18.6,0.0,0.0,0.0,0.5,0.5,0.04,0.5,0.5
Dfb Pokal,2018-2019,Dortmund,fe2db476,Łukasz Piszczek,DF,,19.5,57.0,36.0,34.0,15.0,8.0,18.0,33.0,54.5,15.0,26.0,3.0,23.0,39.0,69.0,0.0,,19.5,1.85,30.0,1.0,1.0,0.36,6.0,0.0,0.0,,,,,,,,,,,,,,,1756.0,19.5,57.4,20.0,20.0,17.0,0.0,3.0,2.2,42.0,23.0,19.0,0.97,-0.27,34.1,23.4,10.7,0.55,-0.2,,19.5,1.0,12.0,4.0,33.3,0.62,0.21,0.08,0.25,18.6,0.0,0.0,0.0,0.5,0.5,0.04,0.5,0.5
Champions League,2019-2020,Dortmund,fe2db476,Łukasz Piszczek,DF,,23.4,45.0,32.0,27.0,16.0,2.0,28.0,50.0,56.0,22.0,27.0,11.0,16.0,26.0,47.0,1.0,,23.4,0.94,21.0,0.0,0.0,0.17,4.0,0.0,0.0,,,,,,,,,,,,,,,2106.0,23.4,68.8,29.0,25.0,18.0,4.0,4.0,2.14,57.0,26.0,31.0,1.32,0.19,42.4,27.2,15.3,0.65,0.19,,23.4,1.0,7.0,3.0,42.9,0.3,0.13,0.14,0.33,20.2,0.0,0.0,0.0,0.3,0.3,0.04,0.7,0.7
Dfb Pokal,2019-2020,Dortmund,fe2db476,Łukasz Piszczek,DF,,23.4,45.0,32.0,27.0,16.0,2.0,28.0,50.0,56.0,22.0,27.0,11.0,16.0,26.0,47.0,1.0,,23.4,0.94,21.0,0.0,0.0,0.17,4.0,0.0,0.0,,,,,,,,,,,,,,,2106.0,23.4,68.8,29.0,25.0,18.0,4.0,4.0,2.14,57.0,26.0,31.0,1.32,0.19,42.4,27.2,15.3,0.65,0.19,,23.4,1.0,7.0,3.0,42.9,0.3,0.13,0.14,0.33,20.2,0.0,0.0,0.0,0.3,0.3,0.04,0.7,0.7
Champions League,2020-2021,Dortmund,fe2db476,Łukasz Piszczek,DF,,5.1,10.0,7.0,6.0,4.0,0.0,5.0,12.0,41.7,7.0,5.0,1.0,4.0,5.0,12.0,0.0,,5.1,1.39,6.0,0.0,0.0,0.2,1.0,0.0,0.0,,,,,,,,,,,,,,,455.0,5.1,14.9,11.0,5.0,3.0,6.0,17.0,3.0,11.0,3.0,8.0,1.58,0.86,10.5,6.0,4.4,0.88,0.18,,5.1,0.0,1.0,0.0,0.0,0.2,0.0,0.0,,20.1,0.0,0.0,0.0,0.0,0.0,0.04,0.0,0.0
Ekstraklasa,2019-2020,Łódzki Ks,3c528618,Łukasz Piątek,MF,,,,,,,,,,,,,,,,,,,,,,,,,,,,,,,,,,,,,,,,,,1636.0,18.2,49.1,22.0,17.0,16.0,5.0,11.0,0.68,15.0,37.0,-22.0,-1.21,-0.52,,,,,,,18.2,1.0,,,,,,,,,,0.0,0.0,,,,,
Ekstraklasa,2018-2019,Zagłębie Lubin,be98f358,Łukasz Poręba,MF,,,,,,,,,,,,,,,,,,,,,,,,,,,,,,,,,,,,,,,,,,385.0,4.3,11.6,7.0,3.0,2.0,4.0,6.0,2.14,9.0,4.0,5.0,1.17,1.05,,,,,,,4.3,1.0,,,,,,,,,,0.0,0.0,,,,,
Ekstraklasa,2019-2020,Zagłębie Lubin,be98f358,Łukasz Poręba,MF,,,,,,,,,,,,,,,,,,,,,,,,,,,,,,,,,,,,,,,,,,1300.0,14.4,39.0,28.0,14.0,3.0,14.0,7.0,1.39,20.0,18.0,2.0,0.14,-0.13,,,,,,,14.4,2.0,,,,,,,,,,0.0,0.0,,,,,
Ekstraklasa,2020-2021,Zagłębie Lubin,be98f358,Łukasz Poręba,MF,,,,,,,,,,,,,,,,,,,,,,,,,,,,,,,,,,,,,,,,,,1550.0,17.2,57.4,24.0,18.0,8.0,6.0,1.0,1.38,17.0,21.0,-4.0,-0.23,-0.39,,,,,,,17.2,0.0,,,,,,,,,,0.0,0.0,,,,,
Ekstraklasa,2021-2022,Zagłębie Lubin,be98f358,Łukasz Poręba,MF,,,,,,,,,,,,,,,,,,,,,,,,,,,,,,,,,,,,,,,,,,2101.0,23.3,68.7,29.0,23.0,13.0,6.0,2.0,1.03,31.0,41.0,-10.0,-0.43,0.13,,,,,,,23.3,1.0,,,,,,,,,,0.0,0.0,,,,,
Ligue 1,2022-2023,Lens,be98f358,Łukasz Poręba,MF,,2.9,5.0,4.0,2.0,1.0,2.0,2.0,3.0,66.7,1.0,3.0,0.0,3.0,4.0,2.0,0.0,,2.9,3.1,8.0,0.0,1.0,0.69,1.0,0.0,1.0,,,,,,,,,,,,,,,260.0,2.9,7.6,10.0,3.0,0.0,7.0,27.0,2.3,6.0,2.0,4.0,1.38,0.39,5.8,3.5,2.3,0.78,0.18,,2.9,0.0,3.0,0.0,0.0,1.04,0.0,0.0,,17.1,0.0,0.0,0.0,0.6,0.6,0.19,-0.6,-0.6
2 Bundesliga,2023-2024,Hamburger Sv,be98f358,Łukasz Poręba,MF,,,,,,,,,,,,,,,,,,,,,,,,,,,,,,,,,,,,,,,,,,660.0,7.3,21.6,17.0,7.0,2.0,10.0,7.0,2.06,15.0,11.0,4.0,0.55,-0.05,,,,,,,7.3,2.0,9.0,3.0,33.3,1.23,0.41,0.22,0.67,,,0.0,0.0,,,,,
2 Bundesliga,2024-2025,Hamburger Sv,be98f358,Łukasz Poręba,MF,,,,,,,,,,,,,,,,,,,,,,,,,,,,,,,,,,,,,,,,,,667.0,7.4,21.8,17.0,5.0,3.0,12.0,11.0,1.71,18.0,10.0,8.0,1.08,0.1,,,,,,,7.4,1.0,8.0,3.0,37.5,1.08,0.4,0.13,0.33,,,0.0,0.0,,,,,
2 Bundesliga,2025-2026,Elversberg,be98f358,Łukasz Poręba,MF,,,,,,,,,,,,,,,,,,,,,,,,,,,,,,,,,,,,,,,,,,201.0,2.2,55.8,4.0,2.0,1.0,2.0,0.0,2.25,4.0,2.0,2.0,0.9,0.9,,,,,,,2.2,0.0,1.0,1.0,100.0,0.45,0.45,0.0,0.0,,,0.0,0.0,,,,,
Ekstraklasa,2018-2019,Miedź,ef0a1e89,Łukasz Sapela,GK,,,,,,,,,,,,,,,,,,,,,,,,,,,,900.0,10.0,0.0,0.0,,,,1.0,10.0,1.0,1.0,0.0,0.0,0.0,900.0,10.0,27.0,10.0,10.0,10.0,0.0,24.0,1.0,12.0,22.0,-10.0,-1.0,-0.44,,,,,,,10.0,0.0,,,,,,,,,,0.0,0.0,,,,,
Ekstraklasa,2019-2020,Łódzki Ks,7ae1cb93,Łukasz Sekulski,FW,,,,,,,,,,,,,,,,,,,,,,,,,,,,,,,,,,,,,,,,,,1055.0,11.7,31.7,21.0,11.0,2.0,10.0,8.0,0.52,11.0,19.0,-8.0,-0.68,0.39,,,,,,,11.7,5.0,,,,,,,,,,1.0,2.0,,,,,
Ekstraklasa,2021-2022,Wisła Płock,7ae1cb93,Łukasz Sekulski,FW,,,,,,,,,,,,,,,,,,,,,,,,,,,,,,,,,,,,,,,,,,1899.0,21.1,62.1,28.0,23.0,5.0,5.0,0.0,1.5,37.0,35.0,2.0,0.09,0.48,,,,,,,21.1,13.0,,,,,,,,,,0.0,0.0,,,,,
Ekstraklasa,2022-2023,Wisła Płock,7ae1cb93,Łukasz Sekulski,FW,,,,,,,,,,,,,,,,,,,,,,,,,,,,,,,,,,,,,,,,,,1593.0,17.7,52.1,27.0,19.0,2.0,8.0,1.0,1.37,23.0,22.0,1.0,0.06,0.67,,,,,,,17.7,6.0,,,,,,,,,,0.0,0.0,,,,,
Ekstraklasa,2025-2026,Wisła Płock,7ae1cb93,Łukasz Sekulski,FW,,,,,,,,,,,,,,,,,,,,,,,,,,,,,,,,,,,,,,,,,,544.0,6.0,86.3,7.0,7.0,0.0,0.0,0.0,2.29,9.0,4.0,5.0,0.83,-0.22,,,,,,,6.0,4.0,16.0,8.0,50.0,2.65,1.32,0.13,0.25,,,2.0,3.0,,,,,
Ekstraklasa,2020-2021,Stal Mielec,6a747f59,Łukasz Seweryn,DF,,,,,,,,,,,,,,,,,,,,,,,,,,,,,,,,,,,,,,,,,,23.0,0.3,0.9,1.0,0.0,0.0,1.0,8.0,0.0,0.0,0.0,0.0,0.0,0.54,,,,,,,0.3,0.0,,,,,,,,,,0.0,0.0,,,,,
Ekstraklasa,2021-2022,Stal Mielec,6a747f59,Łukasz Seweryn,DF,,,,,,,,,,,,,,,,,,,,,,,,,,,,,,,,,,,,,,,,,,,,,,0.0,0.0,0.0,4.0,,,,,,,,,,,,,,,,,,,,,,,,,,,,,,
Ekstraklasa,2020-2021,Podbeskidzie,c8ccc27e,Łukasz Sierpina,MF,,,,,,,,,,,,,,,,,,,,,,,,,,,,,,,,,,,,,,,,,,1129.0,12.5,41.8,22.0,12.0,3.0,10.0,6.0,0.45,13.0,25.0,-12.0,-0.96,0.13,,,,,,,12.5,0.0,,,,,,,,,,0.0,1.0,,,,,
Ekstraklasa,2022-2023,Korona Kielce,c8ccc27e,Łukasz Sierpina,DF,,,,,,,,,,,,,,,,,,,,,,,,,,,,,,,,,,,,,,,,,,341.0,3.8,11.1,6.0,3.0,1.0,3.0,2.0,0.33,6.0,7.0,-1.0,-0.26,0.0,,,,,,,3.8,0.0,,,,,,,,,,0.0,0.0,,,,,
Coppa Italia,2018-2019,Bologna,ab4449d6,Łukasz Skorupski,GK,,38.0,0.0,0.0,0.0,0.0,0.0,0.0,0.0,,0.0,0.0,0.0,0.0,3.0,12.0,4.0,,38.0,0.13,4.0,0.0,0.0,0.0,0.0,0.0,0.0,3420.0,38.0,56.0,1.47,173.0,118.0,69.9,10.0,26.3,4.0,4.0,0.0,0.0,0.0,3420.0,38.0,100.0,38.0,38.0,38.0,0.0,0.0,1.16,48.0,56.0,-8.0,-0.21,,46.8,49.0,-2.2,-0.06,,,38.0,0.0,0.0,0.0,,0.0,0.0,,,,0.0,0.0,0.0,0.0,0.0,,0.0,0.0
Serie A,2018-2019,Bologna,ab4449d6,Łukasz Skorupski,GK,,38.0,0.0,0.0,0.0,0.0,0.0,0.0,0.0,,0.0,0.0,0.0,0.0,3.0,12.0,4.0,,38.0,0.13,4.0,0.0,0.0,0.0,0.0,0.0,0.0,3420.0,38.0,56.0,1.47,173.0,118.0,69.9,10.0,26.3,4.0,4.0,0.0,0.0,0.0,3420.0,38.0,100.0,38.0,38.0,38.0,0.0,0.0,1.16,48.0,56.0,-8.0,-0.21,,46.8,49.0,-2.2,-0.06,,,38.0,0.0,0.0,0.0,,0.0,0.0,,,,0.0,0.0,0.0,0.0,0.0,,0.0,0.0
Coppa Italia,2019-2020,Bologna,ab4449d6,Łukasz Skorupski,GK,,37.0,1.0,0.0,1.0,0.0,0.0,0.0,1.0,0.0,1.0,0.0,0.0,0.0,2.0,15.0,5.0,,37.0,0.08,3.0,0.0,0.0,0.0,0.0,0.0,0.0,3330.0,37.0,64.0,1.73,187.0,123.0,69.0,2.0,5.4,8.0,6.0,1.0,1.0,14.3,3330.0,37.0,97.4,37.0,37.0,37.0,0.0,0.0,1.24,51.0,64.0,-13.0,-0.35,-0.35,55.6,54.2,1.4,0.04,-0.65,,37.0,0.0,0.0,0.0,,0.0,0.0,,,,0.0,0.0,0.0,0.0,0.0,,0.0,0.0
Serie A,2019-2020,Bologna,ab4449d6,Łukasz Skorupski,GK,,37.0,1.0,0.0,1.0,0.0,0.0,0.0,1.0,0.0,1.0,0.0,0.0,0.0,2.0,15.0,5.0,,37.0,0.08,3.0,0.0,0.0,0.0,0.0,0.0,0.0,3330.0,37.0,64.0,1.73,187.0,123.0,69.0,2.0,5.4,8.0,6.0,1.0,1.0,14.3,3330.0,37.0,97.4,37.0,37.0,37.0,0.0,0.0,1.24,51.0,64.0,-13.0,-0.35,-0.35,55.6,54.2,1.4,0.04,-0.65,,37.0,0.0,0.0,0.0,,0.0,0.0,,,,0.0,0.0,0.0,0.0,0.0,,0.0,0.0
Serie A,2020-2021,Bologna,ab4449d6,Łukasz Skorupski,GK,,28.0,1.0,1.0,1.0,0.0,0.0,1.0,4.0,25.0,3.0,0.0,0.0,0.0,0.0,23.0,5.0,,28.0,0.11,3.0,0.0,0.0,0.0,0.0,0.0,0.0,2520.0,28.0,46.0,1.64,147.0,100.0,72.1,4.0,14.3,7.0,5.0,2.0,0.0,28.6,2520.0,28.0,73.7,28.0,28.0,28.0,0.0,2.0,1.25,41.0,46.0,-5.0,-0.18,0.72,41.0,45.9,-4.9,-0.18,0.13,,28.0,0.0,0.0,0.0,,0.0,0.0,,,,0.0,0.0,0.0,0.0,0.0,,0.0,0.0
Serie A,2021-2022,Bologna,ab4449d6,Łukasz Skorupski,GK,,36.0,0.0,0.0,0.0,0.0,0.0,0.0,1.0,0.0,1.0,0.0,0.0,0.0,0.0,17.0,0.0,,36.0,0.03,0.0,0.0,0.0,0.0,0.0,0.0,0.0,3240.0,36.0,53.0,1.47,174.0,122.0,74.1,12.0,33.3,9.0,8.0,1.0,0.0,11.1,3240.0,36.0,94.7,36.0,36.0,36.0,0.0,0.0,1.17,41.0,53.0,-12.0,-0.33,-0.83,42.9,49.8,-6.9,-0.19,0.21,,36.0,0.0,0.0,0.0,,0.0,0.0,,,,0.0,0.0,0.0,0.0,0.0,,0.0,0.0
Serie A,2022-2023,Bologna,ab4449d6,Łukasz Skorupski,GK,,37.0,2.0,1.0,2.0,0.0,0.0,1.0,2.0,50.0,1.0,0.0,0.0,0.0,0.0,19.0,2.0,,37.0,0.11,1.0,0.0,0.0,0.0,0.0,0.0,0.0,3330.0,37.0,49.0,1.32,161.0,113.0,73.9,7.0,18.9,9.0,7.0,2.0,0.0,22.2,3330.0,37.0,97.4,37.0,37.0,37.0,0.0,0.0,1.38,50.0,49.0,1.0,0.03,-2.97,43.2,47.9,-4.7,-0.13,0.01,,37.0,0.0,0.0,0.0,,0.0,0.0,,,,0.0,0.0,0.0,0.0,0.0,,0.0,0.0
Serie A,2023-2024,Bologna,ab4449d6,Łukasz Skorupski,GK,,32.0,2.0,2.0,2.0,0.0,0.0,2.0,3.0,66.7,1.0,0.0,0.0,0.0,1.0,11.0,3.0,,32.0,0.06,1.0,0.0,0.0,0.0,0.0,0.0,0.0,2880.0,32.0,29.0,0.91,106.0,77.0,75.5,13.0,40.6,6.0,3.0,1.0,2.0,25.0,2880.0,32.0,84.2,32.0,32.0,32.0,0.0,6.0,1.72,44.0,29.0,15.0,0.47,-0.7,40.0,31.8,8.2,0.26,-0.19,,32.0,0.0,0.0,0.0,,0.0,0.0,,,,0.0,0.0,0.0,0.0,0.0,,0.0,0.0
Champions League,2024-2025,Bologna,ab4449d6,Łukasz Skorupski,GK,,26.3,1.0,0.0,1.0,0.0,0.0,1.0,3.0,33.3,2.0,0.0,0.0,0.0,0.0,13.0,2.0,,26.3,0.15,4.0,0.0,0.0,0.0,0.0,0.0,0.0,2364.0,26.3,33.0,1.26,82.0,50.0,61.0,8.0,29.6,2.0,1.0,1.0,0.0,50.0,2364.0,26.3,69.1,27.0,27.0,26.0,0.0,8.0,1.67,44.0,33.0,11.0,0.42,0.5,38.4,27.7,10.7,0.41,0.24,,26.3,0.0,0.0,0.0,,0.0,0.0,,,,0.0,0.0,0.0,0.0,0.0,,0.0,0.0
Serie A,2024-2025,Bologna,ab4449d6,Łukasz Skorupski,GK,,1.0,0.0,0.0,0.0,0.0,0.0,0.0,0.0,,0.0,0.0,0.0,0.0,0.0,0.0,2.0,,1.0,0.0,0.0,0.0,0.0,0.0,0.0,0.0,0.0,90.0,1.0,1.0,1.0,4.0,3.0,75.0,0.0,0.0,0.0,0.0,0.0,0.0,,90.0,1.0,100.0,1.0,1.0,1.0,0.0,0.0,0.0,0.0,1.0,-1.0,-1.0,,0.6,1.6,-1.0,-0.98,,,1.0,0.0,0.0,0.0,,0.0,0.0,,,,0.0,0.0,0.0,0.0,0.0,,0.0,0.0
Serie A,2025-2026,Bologna,ab4449d6,Łukasz Skorupski,GK,,1.0,0.0,0.0,0.0,0.0,0.0,0.0,0.0,,0.0,0.0,0.0,0.0,0.0,0.0,2.0,,1.0,0.0,0.0,0.0,0.0,0.0,0.0,0.0,0.0,90.0,1.0,1.0,1.0,4.0,3.0,75.0,0.0,0.0,0.0,0.0,0.0,0.0,,90.0,1.0,100.0,1.0,1.0,1.0,0.0,0.0,0.0,0.0,1.0,-1.0,-1.0,,0.6,1.6,-1.0,-0.98,,,1.0,0.0,0.0,0.0,,0.0,0.0,,,,0.0,0.0,0.0,0.0,0.0,,0.0,0.0
Uefa Nations League,2025-2026,Poland,ab4449d6,Łukasz Skorupski,GK,,,,,,,,,,,,,,,,,,,,,,,,,,,,270.0,3.0,6.0,2.0,20.0,14.0,70.0,0.0,0.0,0.0,0.0,0.0,0.0,,270.0,3.0,50.0,3.0,3.0,3.0,0.0,3.0,0.0,2.0,6.0,-4.0,-1.33,-0.33,,,,,,,3.0,0.0,0.0,0.0,,0.0,0.0,,,,,0.0,0.0,,,,,
Friendlies M,2026-2027,Poland,ab4449d6,Łukasz Skorupski,GK,,,,,,,,,,,,,,,,,,,,,,,,,,,,,,,,,,,,,,,,,,,,,0.0,0.0,0.0,0.0,1.0,,,,,,,,,,,,,,,,,,,,,,,,,,,,,,
Uefa Euro,2026-2027,Poland,ab4449d6,Łukasz Skorupski,GK,,1.0,0.0,0.0,0.0,0.0,0.0,0.0,0.0,,0.0,0.0,0.0,0.0,0.0,4.0,0.0,,1.0,1.0,0.0,0.0,0.0,0.0,0.0,0.0,0.0,90.0,1.0,1.0,1.0,8.0,7.0,100.0,0.0,0.0,1.0,1.0,0.0,0.0,0.0,90.0,1.0,33.3,1.0,1.0,1.0,0.0,2.0,1.0,1.0,1.0,0.0,0.0,1.5,1.2,2.3,-1.1,-1.13,-0.8,,1.0,0.0,0.0,0.0,,0.0,0.0,,,,0.0,0.0,0.0,0.0,0.0,,0.0,0.0
Uefa Euro Qualifying,2026-2027,Poland,ab4449d6,Łukasz Skorupski,GK,,1.0,0.0,0.0,0.0,0.0,0.0,0.0,0.0,,0.0,0.0,0.0,0.0,0.0,4.0,0.0,,1.0,1.0,0.0,0.0,0.0,0.0,0.0,0.0,0.0,90.0,1.0,1.0,1.0,8.0,7.0,100.0,0.0,0.0,1.0,1.0,0.0,0.0,0.0,90.0,1.0,33.3,1.0,1.0,1.0,0.0,2.0,1.0,1.0,1.0,0.0,0.0,1.5,1.2,2.3,-1.1,-1.13,-0.8,,1.0,0.0,0.0,0.0,,0.0,0.0,,,,0.0,0.0,0.0,0.0,0.0,,0.0,0.0
Wcq    Uefa M,2026-2027,Poland,ab4449d6,Łukasz Skorupski,GK,,,,,,,,,,,,,,,,,,,,,,,,,,,,270.0,3.0,2.0,0.67,7.0,6.0,85.7,2.0,66.7,1.0,1.0,0.0,0.0,0.0,270.0,3.0,100.0,3.0,3.0,3.0,0.0,0.0,2.0,4.0,2.0,2.0,0.67,,,,,,,,3.0,0.0,0.0,0.0,,0.0,0.0,,,,,0.0,0.0,,,,,
World Cup,2026-2027,Poland,ab4449d6,Łukasz Skorupski,GK,,,,,,,,,,,,,,,,,,,,,,,,,,,,,,,,,,,,,,,,,,,,,,0.0,0.0,0.0,4.0,,,,,,,,,,,,,,,,,,,,,,,,,,,,,,
Ekstraklasa,2019-2020,Zagłębie Lubin,5b4e1842,Łukasz Soszyński,MF,,,,,,,,,,,,,,,,,,,,,,,,,,,,,,,,,,,,,,,,,,,,,,0.0,0.0,0.0,16.0,,,,,,,,,,,,,,,,,,,,,,,,,,,,,,
Ekstraklasa,2023-2024,Puszcza Niepołomice,33135992,Łukasz Sołowiej,DF,,,,,,,,,,,,,,,,,,,,,,,,,,,,,,,,,,,,,,,,,,1518.0,16.9,49.6,23.0,17.0,14.0,6.0,8.0,1.04,16.0,28.0,-12.0,-0.71,-0.83,,,,,,,16.9,6.0,,,,,,,,,,2.0,2.0,,,,,
Ekstraklasa,2024-2025,Puszcza Niepołomice,33135992,Łukasz Sołowiej,DF,,,,,,,,,,,,,,,,,,,,,,,,,,,,,,,,,,,,,,,,,,931.0,10.3,30.4,16.0,11.0,4.0,5.0,17.0,0.75,10.0,18.0,-8.0,-0.77,-0.01,,,,,,,10.3,1.0,9.0,3.0,33.3,0.87,0.29,0.11,0.33,,,0.0,0.0,,,,,
Ekstraklasa,2021-2022,Górnik Łęczna,31156f53,Łukasz Szramowski,MF,,,,,,,,,,,,,,,,,,,,,,,,,,,,,,,,,,,,,,,,,,442.0,4.9,14.4,12.0,5.0,2.0,7.0,10.0,0.42,3.0,5.0,-2.0,-0.41,0.59,,,,,,,4.9,0.0,,,,,,,,,,0.0,0.0,,,,,
Super Lig,2018-2019,Ankaragücü,ee4d8724,Łukasz Szukała,DF,,,,,,,,,,,,,,,,,,,,,,,,,,,,,,,,,,,,,,,,,,3.0,,0.1,1.0,0.0,0.0,1.0,1.0,3.0,1.0,0.0,1.0,30.0,30.47,,,,,,,0.0,0.0,0.0,0.0,,0.0,0.0,,,,,0.0,0.0,,,,,
Coppa Italia,2018-2019,Udinese,7e81a17d,Łukasz Teodorczyk,FW,,4.4,4.0,2.0,2.0,2.0,0.0,2.0,8.0,25.0,6.0,8.0,2.0,6.0,1.0,4.0,0.0,,4.4,2.71,8.0,1.0,0.0,0.23,0.0,0.0,0.0,,,,,,,,,,,,,,,400.0,4.4,11.7,16.0,2.0,1.0,14.0,6.0,1.31,7.0,3.0,4.0,0.9,1.44,5.6,7.0,-1.5,-0.33,0.14,,4.4,1.0,12.0,2.0,16.7,2.7,0.45,0.08,0.5,12.8,0.0,0.0,1.0,2.3,1.4,0.11,-0.4,-1.3
Serie A,2018-2019,Udinese,7e81a17d,Łukasz Teodorczyk,FW,,4.4,4.0,2.0,2.0,2.0,0.0,2.0,8.0,25.0,6.0,8.0,2.0,6.0,1.0,4.0,0.0,,4.4,2.71,8.0,1.0,0.0,0.23,0.0,0.0,0.0,,,,,,,,,,,,,,,400.0,4.4,11.7,16.0,2.0,1.0,14.0,6.0,1.31,7.0,3.0,4.0,0.9,1.44,5.6,7.0,-1.5,-0.33,0.14,,4.4,1.0,12.0,2.0,16.7,2.7,0.45,0.08,0.5,12.8,0.0,0.0,1.0,2.3,1.4,0.11,-0.4,-1.3
Coppa Italia,2019-2020,Udinese,7e81a17d,Łukasz Teodorczyk,FW,,2.5,7.0,5.0,1.0,5.0,1.0,3.0,7.0,42.9,4.0,2.0,0.0,2.0,0.0,1.0,0.0,,2.5,1.63,4.0,0.0,0.0,0.81,2.0,0.0,0.0,,,,,,,,,,,,,,,222.0,2.5,6.5,14.0,1.0,0.0,13.0,18.0,1.07,4.0,4.0,0.0,0.0,0.39,3.9,4.4,-0.4,-0.18,0.14,,2.5,0.0,4.0,2.0,50.0,1.62,0.81,0.0,0.0,15.4,0.0,0.0,0.0,0.2,0.2,0.06,-0.2,-0.2
Serie A,2019-2020,Udinese,7e81a17d,Łukasz Teodorczyk,FW,,2.5,7.0,5.0,1.0,5.0,1.0,3.0,7.0,42.9,4.0,2.0,0.0,2.0,0.0,1.0,0.0,,2.5,1.63,4.0,0.0,0.0,0.81,2.0,0.0,0.0,,,,,,,,,,,,,,,222.0,2.5,6.5,14.0,1.0,0.0,13.0,18.0,1.07,4.0,4.0,0.0,0.0,0.39,3.9,4.4,-0.4,-0.18,0.14,,2.5,0.0,4.0,2.0,50.0,1.62,0.81,0.0,0.0,15.4,0.0,0.0,0.0,0.2,0.2,0.06,-0.2,-0.2
Belgian Pro League,2020-2021,Charleroi,7e81a17d,Łukasz Teodorczyk,FW,,3.3,3.0,3.0,1.0,2.0,0.0,0.0,7.0,0.0,7.0,4.0,1.0,3.0,2.0,2.0,0.0,,3.3,2.1,4.0,0.0,0.0,0.0,0.0,0.0,0.0,,,,,,,,,,,,,,,300.0,3.3,9.8,15.0,0.0,0.0,15.0,0.0,0.93,5.0,8.0,-3.0,-0.9,-0.9,7.7,7.4,0.3,0.08,0.27,,3.3,0.0,19.0,7.0,36.8,5.7,2.1,0.0,0.0,13.1,0.0,0.0,0.0,3.0,3.0,0.16,-3.0,-3.0
Ekstraklasa,2018-2019,Lech Poznań,60c3aa2a,Łukasz Trałka,MF,,,,,,,,,,,,,,,,,,,,,,,,,,,,,,,,,,,,,,,,,,2234.0,24.8,67.1,27.0,25.0,22.0,2.0,4.0,1.44,32.0,29.0,3.0,0.12,0.29,,,,,,,24.8,1.0,,,,,,,,,,0.0,0.0,,,,,
Ekstraklasa,2020-2021,Warta Poznań,60c3aa2a,Łukasz Trałka,MF,,,,,,,,,,,,,,,,,,,,,,,,,,,,,,,,,,,,,,,,,,2504.0,27.8,92.7,29.0,28.0,23.0,1.0,0.0,1.48,29.0,28.0,1.0,0.04,0.04,,,,,,,27.8,4.0,,,,,,,,,,0.0,1.0,,,,,
Ekstraklasa,2021-2022,Warta Poznań,60c3aa2a,Łukasz Trałka,DF,,,,,,,,,,,,,,,,,,,,,,,,,,,,,,,,,,,,,,,,,,2491.0,27.7,81.4,31.0,30.0,24.0,1.0,0.0,1.13,25.0,30.0,-5.0,-0.18,-0.5,,,,,,,27.7,1.0,,,,,,,,,,0.0,0.0,,,,,
Ekstraklasa,2018-2019,Górnik Zabrze,933150d2,Łukasz Wolsztyński,FW,,,,,,,,,,,,,,,,,,,,,,,,,,,,,,,,,,,,,,,,,,917.0,10.2,27.5,22.0,10.0,1.0,12.0,3.0,1.36,17.0,11.0,6.0,0.59,1.0,,,,,,,10.2,1.0,,,,,,,,,,0.0,0.0,,,,,
Ekstraklasa,2019-2020,Górnik Zabrze,933150d2,Łukasz Wolsztyński,MF,,,,,,,,,,,,,,,,,,,,,,,,,,,,,,,,,,,,,,,,,,1392.0,15.5,41.8,26.0,15.0,2.0,11.0,0.0,1.27,23.0,18.0,5.0,0.32,0.37,,,,,,,15.5,2.0,,,,,,,,,,0.0,0.0,,,,,
Ekstraklasa,2020-2021,Górnik Zabrze,933150d2,Łukasz Wolsztyński,FW,,,,,,,,,,,,,,,,,,,,,,,,,,,,,,,,,,,,,,,,,,5.0,0.1,0.2,2.0,0.0,0.0,2.0,2.0,1.5,0.0,0.0,0.0,0.0,0.07,,,,,,,0.1,0.0,,,,,,,,,,0.0,0.0,,,,,
Ekstraklasa,2023-2024,Stal Mielec,933150d2,Łukasz Wolsztyński,FW,,,,,,,,,,,,,,,,,,,,,,,,,,,,,,,,,,,,,,,,,,158.0,1.8,5.2,12.0,0.0,0.0,12.0,20.0,0.58,6.0,0.0,6.0,3.42,3.79,,,,,,,1.8,2.0,,,,,,,,,,0.0,0.0,,,,,
Ekstraklasa,2024-2025,Stal Mielec,933150d2,Łukasz Wolsztyński,FW,,,,,,,,,,,,,,,,,,,,,,,,,,,,,,,,,,,,,,,,,,1231.0,13.7,40.2,30.0,15.0,0.0,15.0,4.0,1.0,20.0,14.0,6.0,0.44,1.57,,,,,,,13.7,5.0,40.0,15.0,37.5,2.92,1.1,0.1,0.27,,,1.0,1.0,,,,,
Ekstraklasa,2018-2019,Pogoń Szczecin,f715a3bd,Łukasz Załuska,GK,,,,,,,,,,,,,,,,,,,,,,,,,,,,2250.0,25.9,0.0,0.0,,,,7.0,28.0,4.0,4.0,0.0,0.0,0.0,2329.0,25.9,69.9,26.0,26.0,25.0,0.0,7.0,1.54,43.0,36.0,7.0,0.27,0.63,,,,,,,25.9,0.0,,,,,,,,,,0.0,0.0,,,,,
Ekstraklasa,2020-2021,Stal Mielec,21531606,Łukasz Zjawiński,FW,,,,,,,,,,,,,,,,,,,,,,,,,,,,,,,,,,,,,,,,,,906.0,10.1,33.6,24.0,10.0,0.0,14.0,5.0,0.79,10.0,21.0,-11.0,-1.09,-0.84,,,,,,,10.1,1.0,,,,,,,,,,0.0,0.0,,,,,
Ekstraklasa,2021-2022,Lechia Gdańsk,21531606,Łukasz Zjawiński,FW,,,,,,,,,,,,,,,,,,,,,,,,,,,,,,,,,,,,,,,,,,18.0,0.2,0.6,2.0,0.0,0.0,2.0,4.0,2.0,0.0,1.0,-1.0,-5.0,-5.41,,,,,,,0.2,0.0,,,,,,,,,,0.0,0.0,,,,,
Ekstraklasa,2022-2023,Lechia Gdańsk,21531606,Łukasz Zjawiński,FW,,,,,,,,,,,,,,,,,,,,,,,,,,,,,,,,,,,,,,,,,,21.0,0.2,0.7,2.0,0.0,0.0,2.0,0.0,1.5,0.0,1.0,-1.0,-4.29,-3.49,,,,,,,0.2,0.0,,,,,,,,,,0.0,0.0,,,,,
Ekstraklasa,2022-2023,Widzew Łódź,21531606,Łukasz Zjawiński,FW,,,,,,,,,,,,,,,,,,,,,,,,,,,,,,,,,,,,,,,,,,752.0,8.4,24.6,19.0,9.0,1.0,10.0,8.0,1.32,8.0,9.0,-1.0,-0.12,0.19,,,,,,,8.4,0.0,,,,,,,,,,0.0,0.0,,,,,
Hrvatska Nl,2018-2019,Gorica,f6d6a31a,Łukasz Zwoliński,FW,,,,,,,,,,,,,,,,,,,,,,,,,,,,,,,,,,,,,,,,,,2785.0,30.9,86.0,33.0,32.0,22.0,1.0,0.0,1.58,49.0,37.0,12.0,0.39,0.59,,,,,,,30.9,14.0,,,,,,,,,,4.0,4.0,,,,,
Hrvatska Nl,2019-2020,Gorica,f6d6a31a,Łukasz Zwoliński,FW,,,,,,,,,,,,,,,,,,,,,,,,,,,,,,,,,,,,,,,,,,992.0,11.0,30.6,17.0,10.0,6.0,7.0,0.0,1.35,16.0,13.0,3.0,0.27,0.55,,,,,,,11.0,4.0,,,,,,,,,,0.0,0.0,,,,,
Ekstraklasa,2019-2020,Lechia Gdańsk,f6d6a31a,Łukasz Zwoliński,FW,,,,,,,,,,,,,,,,,,,,,,,,,,,,,,,,,,,,,,,,,,796.0,8.8,23.9,13.0,7.0,5.0,6.0,2.0,1.46,19.0,18.0,1.0,0.11,0.22,,,,,,,8.8,7.0,,,,,,,,,,1.0,2.0,,,,,
Ekstraklasa,2020-2021,Lechia Gdańsk,f6d6a31a,Łukasz Zwoliński,MF,,,,,,,,,,,,,,,,,,,,,,,,,,,,,,,,,,,,,,,,,,1371.0,15.2,50.8,21.0,13.0,10.0,8.0,1.0,1.19,15.0,20.0,-5.0,-0.33,-0.87,,,,,,,15.2,6.0,,,,,,,,,,0.0,0.0,,,,,
Ekstraklasa,2021-2022,Lechia Gdańsk,f6d6a31a,Łukasz Zwoliński,FW,,,,,,,,,,,,,,,,,,,,,,,,,,,,,,,,,,,,,,,,,,2114.0,23.5,69.1,32.0,25.0,7.0,7.0,0.0,1.59,31.0,28.0,3.0,0.13,-0.82,,,,,,,23.5,13.0,,,,,,,,,,0.0,1.0,,,,,
Ekstraklasa,2022-2023,Lechia Gdańsk,f6d6a31a,Łukasz Zwoliński,FW,,,,,,,,,,,,,,,,,,,,,,,,,,,,,,,,,,,,,,,,,,1985.0,22.1,64.9,27.0,21.0,15.0,6.0,0.0,0.93,20.0,31.0,-11.0,-0.5,0.92,,,,,,,22.1,9.0,,,,,,,,,,2.0,2.0,,,,,
Ekstraklasa,2023-2024,Raków Częstochowa,f6d6a31a,Łukasz Zwoliński,FW,,,,,,,,,,,,,,,,,,,,,,,,,,,,,,,,,,,,,,,,,,1004.0,11.2,32.8,25.0,10.0,1.0,15.0,1.0,1.68,19.0,11.0,8.0,0.72,0.41,,,,,,,11.2,5.0,,,,,,,,,,3.0,3.0,,,,,
Ekstraklasa,2019-2020,Legia Warsaw,543b9811,Łukasz Łakomy,MF,,,,,,,,,,,,,,,,,,,,,,,,,,,,,,,,,,,,,,,,,,,,,,0.0,0.0,0.0,1.0,,,,,,,,,,,,,,,,,,,,,,,,,,,,,,
Ekstraklasa,2020-2021,Zagłębie Lubin,543b9811,Łukasz Łakomy,MF,,,,,,,,,,,,,,,,,,,,,,,,,,,,,,,,,,,,,,,,,,123.0,1.4,4.6,8.0,0.0,0.0,8.0,7.0,1.0,4.0,2.0,2.0,1.46,1.6,,,,,,,1.4,0.0,,,,,,,,,,0.0,0.0,,,,,
Ekstraklasa,2021-2022,Zagłębie Lubin,543b9811,Łukasz Łakomy,MF,,,,,,,,,,,,,,,,,,,,,,,,,,,,,,,,,,,,,,,,,,1269.0,14.1,41.5,20.0,16.0,5.0,4.0,4.0,1.05,22.0,26.0,-4.0,-0.28,0.32,,,,,,,14.1,1.0,,,,,,,,,,0.0,0.0,,,,,
Ekstraklasa,2022-2023,Zagłębie Lubin,543b9811,Łukasz Łakomy,MF,,,,,,,,,,,,,,,,,,,,,,,,,,,,,,,,,,,,,,,,,,2756.0,30.6,90.1,34.0,32.0,20.0,2.0,0.0,1.32,33.0,37.0,-4.0,-0.13,1.35,,,,,,,30.6,4.0,,,,,,,,,,0.0,0.0,,,,,
Champions League,2023-2024,Young Boys,543b9811,Łukasz Łakomy,MF,,,,,,,,,,,,,,,,,,,,,,,,,,,,,,,,,,,,,,,,,,1352.0,15.0,39.5,29.0,15.0,4.0,14.0,4.0,2.1,31.0,14.0,17.0,1.13,0.04,,,,,,,15.0,2.0,28.0,11.0,39.3,1.86,0.73,0.07,0.18,,,0.0,0.0,,,,,
Champions League,2024-2025,Young Boys,543b9811,Łukasz Łakomy,MF,,,,,,,,,,,,,,,,,,,,,,,,,,,,,,,,,,,,,,,,,,1425.0,15.8,41.7,28.0,14.0,7.0,14.0,5.0,1.82,28.0,16.0,12.0,0.76,0.8,,,,,,,15.8,0.0,36.0,13.0,36.1,2.27,0.82,0.0,0.0,,,0.0,0.0,,,,,
Swiss Super League,2026-2027,Young Boys,543b9811,Łukasz Łakomy,MF,,,,,,,,,,,,,,,,,,,,,,,,,,,,,,,,,,,,,,,,,,90.0,1.0,20.0,2.0,1.0,0.0,1.0,2.0,0.5,0.0,2.0,-2.0,-2.0,-2.75,,,,,,,1.0,0.0,2.0,0.0,0.0,2.0,0.0,0.0,,,,0.0,0.0,,,,,
Liga I,2019-2020,Botoșani,e56e5388,Ņikita Koļesovs,DF,,,,,,,,,,,,,,,,,,,,,,,,,,,,,,,,,,,,,,,,,,135.0,1.5,4.2,2.0,2.0,1.0,0.0,2.0,0.5,2.0,4.0,-2.0,-1.33,-1.51,,,,,,,1.5,0.0,,,,,,,,,,0.0,0.0,,,,,
Friendlies M,2026-2027,Azerbaijan,861734f9,Şahin Şahniyarov,MF,,,,,,,,,,,,,,,,,,,,,,,,,,,,,,,,,,,,,,,,,,61.0,0.7,16.9,1.0,1.0,0.0,0.0,3.0,0.0,0.0,1.0,-1.0,-1.48,0.03,,,,,,,0.7,0.0,,,,,,,,,,0.0,0.0,,,,,
Afc Asian Cup,2024-2025,Tajikistan,8d12b0df,Şahrom Samiev,FW,,,,,,,,,,,,,,,,,,,,,,,,,,,,,,,,,,,,,,,,,,165.0,1.8,34.4,5.0,2.0,0.0,3.0,0.0,1.0,3.0,0.0,3.0,1.64,2.78,,,,,,,1.8,0.0,2.0,0.0,0.0,1.09,0.0,0.0,,,,0.0,0.0,,,,,
Afc Asian Cup Qualification,2026-2027,Tajikistan,8d12b0df,Şahrom Samiev,FW,,,,,,,,,,,,,,,,,,,,,,,,,,,,,,,,,,,,,,,,,,165.0,1.8,34.4,5.0,2.0,0.0,3.0,0.0,1.0,3.0,0.0,3.0,1.64,2.78,,,,,,,1.8,0.0,2.0,0.0,0.0,1.09,0.0,0.0,,,,0.0,0.0,,,,,
Friendlies M,2026-2027,Tajikistan,8d12b0df,Şahrom Samiev,FW,,,,,,,,,,,,,,,,,,,,,,,,,,,,,,,,,,,,,,,,,,45.0,0.5,50.0,1.0,1.0,0.0,0.0,0.0,0.0,0.0,0.0,0.0,0.0,8.0,,,,,,,0.5,0.0,,,,,,,,,,0.0,0.0,,,,,
Wcq    Afc M,2026-2027,Tajikistan,8d12b0df,Şahrom Samiev,FW,,,,,,,,,,,,,,,,,,,,,,,,,,,,,,,,,,,,,,,,,,256.0,2.8,47.4,6.0,3.0,0.0,3.0,0.0,1.33,5.0,4.0,1.0,0.35,-0.6,,,,,,,2.8,2.0,,,,,,,,,,0.0,0.0,,,,,
Super Lig,2018-2019,Kayserispor,76234926,Şamil Çinaz,MF,,,,,,,,,,,,,,,,,,,,,,,,,,,,,,,,,,,,,,,,,,1985.0,22.1,64.9,25.0,22.0,19.0,3.0,1.0,1.44,26.0,31.0,-5.0,-0.23,0.61,,,,,,,22.1,2.0,17.0,7.0,41.2,0.77,0.32,0.12,0.29,,,0.0,0.0,,,,,
Super Lig,2019-2020,Kayserispor,76234926,Şamil Çinaz,MF,,,,,,,,,,,,,,,,,,,,,,,,,,,,,,,,,,,,,,,,,,371.0,4.1,12.1,5.0,5.0,2.0,0.0,1.0,0.6,3.0,8.0,-5.0,-1.21,-0.31,,,,,,,4.1,0.0,0.0,0.0,,0.0,0.0,,,,,0.0,0.0,,,,,
Wcq    Afc M,2026-2027,Turkmenistan,4f428963,Şanazar Tirkişow,FW,,,,,,,,,,,,,,,,,,,,,,,,,,,,,,,,,,,,,,,,,,219.0,2.4,40.6,6.0,1.0,1.0,5.0,0.0,0.33,1.0,6.0,-5.0,-2.05,-0.65,,,,,,,2.4,1.0,,,,,,,,,,0.0,0.0,,,,,
Wcq    Afc M,2026-2027,Tajikistan,d7f5b535,Şarafçon Solehov,FW,,,,,,,,,,,,,,,,,,,,,,,,,,,,,,,,,,,,,,,,,,18.0,0.2,3.3,1.0,0.0,0.0,1.0,1.0,3.0,0.0,0.0,0.0,0.0,-0.69,,,,,,,0.2,0.0,,,,,,,,,,0.0,0.0,,,,,
Super Lig,2018-2019,Fenerbahçe,952e0df2,Şener Özbayraklı,DF,,,,,,,,,,,,,,,,,,,,,,,,,,,,,,,,,,,,,,,,,,588.0,6.5,19.2,9.0,8.0,3.0,1.0,18.0,1.0,6.0,9.0,-3.0,-0.46,-0.57,,,,,,,6.5,0.0,1.0,0.0,0.0,0.15,0.0,0.0,,,,0.0,0.0,,,,,
Champions League,2019-2020,Galatasaray,952e0df2,Şener Özbayraklı,DF,,,,,,,,,,,,,,,,,,,,,,,,,,,,,,,,,,,,,,,,,,334.0,3.7,10.9,8.0,4.0,2.0,4.0,20.0,1.75,9.0,6.0,3.0,0.81,0.31,,,,,,,3.7,0.0,1.0,1.0,100.0,0.27,0.27,0.0,0.0,,,0.0,0.0,,,,,
Super Lig,2019-2020,Galatasaray,952e0df2,Şener Özbayraklı,DF,,,,,,,,,,,,,,,,,,,,,,,,,,,,,,,,,,,,,,,,,,334.0,3.7,10.9,8.0,4.0,2.0,4.0,20.0,1.75,9.0,6.0,3.0,0.81,0.31,,,,,,,3.7,0.0,1.0,1.0,100.0,0.27,0.27,0.0,0.0,,,0.0,0.0,,,,,
Super Lig,2020-2021,Galatasaray,952e0df2,Şener Özbayraklı,DF,,,,,,,,,,,,,,,,,,,,,,,,,,,,,,,,,,,,,,,,,,755.0,8.4,21.0,12.0,8.0,6.0,4.0,19.0,1.92,17.0,6.0,11.0,1.31,0.27,,,,,,,8.4,0.0,1.0,0.0,0.0,0.12,0.0,0.0,,,,0.0,0.0,,,,,
Super Lig,2021-2022,İstanbul Başakşehir,952e0df2,Şener Özbayraklı,DF,,,,,,,,,,,,,,,,,,,,,,,,,,,,,,,,,,,,,,,,,,239.0,2.7,7.0,9.0,3.0,0.0,6.0,15.0,2.0,4.0,6.0,-2.0,-0.75,-1.38,,,,,,,2.7,0.0,1.0,0.0,0.0,0.38,0.0,0.0,,,,0.0,0.0,,,,,
Conference League,2022-2023,İstanbul Başakşehir,952e0df2,Şener Özbayraklı,DF,,,,,,,,,,,,,,,,,,,,,,,,,,,,,,,,,,,,,,,,,,597.0,6.6,19.5,10.0,8.0,2.0,2.0,15.0,1.9,15.0,9.0,6.0,0.9,0.5,,,,,,,6.6,0.0,0.0,0.0,,0.0,0.0,,,,,0.0,0.0,,,,,
Super Lig,2022-2023,İstanbul Başakşehir,952e0df2,Şener Özbayraklı,DF,,,,,,,,,,,,,,,,,,,,,,,,,,,,,,,,,,,,,,,,,,597.0,6.6,19.5,10.0,8.0,2.0,2.0,15.0,1.9,15.0,9.0,6.0,0.9,0.5,,,,,,,6.6,0.0,0.0,0.0,,0.0,0.0,,,,,0.0,0.0,,,,,
Super Lig,2023-2024,İstanbul Başakşehir,952e0df2,Şener Özbayraklı,DF,,,,,,,,,,,,,,,,,,,,,,,,,,,,,,,,,,,,,,,,,,126.0,1.4,3.7,2.0,2.0,0.0,0.0,0.0,0.0,0.0,3.0,-3.0,-2.14,-2.61,,,,,,,1.4,0.0,0.0,0.0,,0.0,0.0,,,,,0.0,0.0,,,,,
Afc Asian Cup,2024-2025,Tajikistan,d8c34fe7,Şervonī Mabatşoev,MF,,,,,,,,,,,,,,,,,,,,,,,,,,,,,,,,,,,,,,,,,,255.0,2.8,53.1,5.0,3.0,1.0,2.0,0.0,1.0,1.0,2.0,-1.0,-0.35,-0.35,,,,,,,2.8,0.0,4.0,0.0,0.0,1.41,0.0,0.0,,,,0.0,0.0,,,,,
Afc Asian Cup Qualification,2026-2027,Tajikistan,d8c34fe7,Şervonī Mabatşoev,MF,,,,,,,,,,,,,,,,,,,,,,,,,,,,,,,,,,,,,,,,,,255.0,2.8,53.1,5.0,3.0,1.0,2.0,0.0,1.0,1.0,2.0,-1.0,-0.35,-0.35,,,,,,,2.8,0.0,4.0,0.0,0.0,1.41,0.0,0.0,,,,0.0,0.0,,,,,
Friendlies M,2026-2027,Tajikistan,d8c34fe7,Şervonī Mabatşoev,MF,,,,,,,,,,,,,,,,,,,,,,,,,,,,,,,,,,,,,,,,,,45.0,0.5,50.0,1.0,0.0,0.0,1.0,0.0,0.0,0.0,5.0,-5.0,-10.0,-12.0,,,,,,,0.5,0.0,,,,,,,,,,0.0,0.0,,,,,
Wcq    Afc M,2026-2027,Tajikistan,d8c34fe7,Şervonī Mabatşoev,MF,,,,,,,,,,,,,,,,,,,,,,,,,,,,,,,,,,,,,,,,,,261.0,2.9,48.3,6.0,3.0,0.0,3.0,0.0,1.33,5.0,3.0,2.0,0.69,0.04,,,,,,,2.9,1.0,,,,,,,,,,0.0,0.0,,,,,
Liga I,2020-2021,Fcsb,acf471d6,Ştefan Cană,DF,,,,,,,,,,,,,,,,,,,,,,,,,,,,,,,,,,,,,,,,,,117.0,1.3,3.3,2.0,2.0,1.0,0.0,2.0,1.5,4.0,3.0,1.0,0.77,-0.08,,,,,,,1.3,0.0,,,,,,,,,,0.0,0.0,,,,,
Liga I,2020-2021,Politehnica Iași,acf471d6,Ştefan Cană,DF,,,,,,,,,,,,,,,,,,,,,,,,,,,,,,,,,,,,,,,,,,438.0,4.9,12.5,7.0,5.0,3.0,2.0,15.0,0.43,8.0,12.0,-4.0,-0.82,0.32,,,,,,,4.9,0.0,,,,,,,,,,0.0,0.0,,,,,
Liga I,2019-2020,Dinamo București,ce5142cd,Ştefan Fara,GK,,,,,,,,,,,,,,,,,,,,,,,,,,,,,,,,,,,,,,,,,,,,,0.0,0.0,0.0,0.0,3.0,,,,,,,,,,,,,,,,,,,,,,,,,,,,,,
Liga I,2021-2022,Dinamo București,ce5142cd,Ştefan Fara,GK,,,,,,,,,,,,,,,,,,,,,,,,,,,,,,,,,,,,,,,,,,,,,0.0,0.0,0.0,0.0,21.0,,,,,,,,,,,,,,,,,,,,,,,,,,,,,,
Liga I,2024-2025,Universitatea Cluj,20ecb359,Ştefan Lefter,GK,,,,,,,,,,,,,,,,,,,,,,,,,,,,450.0,5.0,8.0,1.6,25.0,18.0,72.0,1.0,20.0,1.0,1.0,0.0,0.0,0.0,450.0,5.0,12.5,5.0,5.0,5.0,0.0,12.0,1.2,6.0,8.0,-2.0,-0.4,-0.83,,,,,,,5.0,0.0,0.0,0.0,,0.0,0.0,,,,,0.0,0.0,,,,,
Liga I,2025-2026,Universitatea Cluj,20ecb359,Ştefan Lefter,GK,,,,,,,,,,,,,,,,,,,,,,,,,,,,360.0,4.0,6.0,1.5,18.0,13.0,72.2,0.0,0.0,1.0,1.0,0.0,0.0,0.0,360.0,4.0,50.0,4.0,4.0,4.0,0.0,4.0,1.25,8.0,6.0,2.0,0.5,0.25,,,,,,,4.0,0.0,0.0,0.0,,0.0,0.0,,,,,0.0,0.0,,,,,
Liga I,2018-2019,Politehnica Iași,72eef682,Ştefan Rusu,GK,,,,,,,,,,,,,,,,,,,,,,,,,,,,90.0,1.0,0.0,0.0,,,,0.0,0.0,0.0,0.0,0.0,0.0,,90.0,1.0,2.5,1.0,1.0,1.0,0.0,0.0,0.0,0.0,1.0,-1.0,-1.0,-0.62,,,,,,,1.0,0.0,,,,,,,,,,0.0,0.0,,,,,
Liga I,2019-2020,Politehnica Iași,72eef682,Ştefan Rusu,MF,,,,,,,,,,,,,,,,,,,,,,,,,,,,,,,,,,,,,,,,,,,,,,0.0,0.0,0.0,1.0,,,,,,,,,,,,,,,,,,,,,,,,,,,,,,
Wcq    Afc M,2026-2027,Turkmenistan,be12f1ef,Şöhrat Söýünow,DF,,,,,,,,,,,,,,,,,,,,,,,,,,,,,,,,,,,,,,,,,,90.0,1.0,16.7,1.0,1.0,1.0,0.0,3.0,0.0,1.0,3.0,-2.0,-2.0,-0.4,,,,,,,1.0,0.0,,,,,,,,,,0.0,0.0,,,,,
Uefa Nations League,2025-2026,Azerbaijan,f4689815,Şəhriyar Əliyev,DF,,,,,,,,,,,,,,,,,,,,,,,,,,,,,,,,,,,,,,,,,,21.0,0.2,3.9,1.0,0.0,0.0,1.0,3.0,0.0,0.0,0.0,0.0,0.0,2.43,,,,,,,0.2,0.0,0.0,0.0,,0.0,0.0,,,,,0.0,0.0,,,,,
Serbian Superliga,2020-2021,Novi Pazar,5c8aa907,Ševkija Resić,MF,,,,,,,,,,,,,,,,,,,,,,,,,,,,,,,,,,,,,,,,,,777.0,8.6,22.7,15.0,11.0,2.0,4.0,2.0,1.4,10.0,12.0,-2.0,-0.23,0.04,,,,,,,8.6,1.0,,,,,,,,,,0.0,0.0,,,,,
Hrvatska Nl,2019-2020,Istra 1961,46ff7b8d,Šime Gržan,DF,,,,,,,,,,,,,,,,,,,,,,,,,,,,,,,,,,,,,,,,,,2698.0,30.0,83.3,33.0,31.0,18.0,2.0,1.0,0.7,20.0,52.0,-32.0,-1.07,-0.9,,,,,,,30.0,4.0,,,,,,,,,,2.0,2.0,,,,,
Hrvatska Nl,2020-2021,Istra 1961,46ff7b8d,Šime Gržan,DF,,,,,,,,,,,,,,,,,,,,,,,,,,,,,,,,,,,,,,,,,,2822.0,31.4,87.1,33.0,32.0,23.0,1.0,0.0,0.88,24.0,46.0,-22.0,-0.7,-0.06,,,,,,,31.4,5.0,,,,,,,,,,4.0,4.0,,,,,
Hrvatska Nl,2021-2022,Osijek,46ff7b8d,Šime Gržan,DF,,,,,,,,,,,,,,,,,,,,,,,,,,,,,,,,,,,,,,,,,,541.0,6.0,16.7,13.0,6.0,0.0,7.0,6.0,2.08,7.0,5.0,2.0,0.33,-0.27,,,,,,,6.0,0.0,,,,,,,,,,0.0,0.0,,,,,
Nb I,2021-2022,Zalaegerszeg,46ff7b8d,Šime Gržan,DF,,,,,,,,,,,,,,,,,,,,,,,,,,,,,,,,,,,,,,,,,,352.0,3.9,11.9,7.0,4.0,1.0,3.0,2.0,0.43,6.0,10.0,-4.0,-1.02,-0.68,,,,,,,3.9,0.0,,,,,,,,,,0.0,0.0,,,,,
Hrvatska Nl,2022-2023,Osijek,46ff7b8d,Šime Gržan,DF,,,,,,,,,,,,,,,,,,,,,,,,,,,,,,,,,,,,,,,,,,1553.0,17.3,47.9,25.0,18.0,12.0,7.0,2.0,1.48,22.0,16.0,6.0,0.35,0.4,,,,,,,17.3,1.0,7.0,2.0,28.6,0.41,0.12,0.14,0.5,,,0.0,0.0,,,,,
Hrvatska Nl,2023-2024,Osijek,46ff7b8d,Šime Gržan,DF,,,,,,,,,,,,,,,,,,,,,,,,,,,,,,,,,,,,,,,,,,1697.0,18.9,52.4,30.0,16.0,11.0,14.0,4.0,1.67,32.0,22.0,10.0,0.53,0.01,,,,,,,18.9,0.0,15.0,3.0,20.0,0.8,0.16,0.0,0.0,,,0.0,1.0,,,,,
Hrvatska Nl,2024-2025,Šibenik,46ff7b8d,Šime Gržan,DF,,,,,,,,,,,,,,,,,,,,,,,,,,,,,,,,,,,,,,,,,,2114.0,23.5,65.2,27.0,24.0,19.0,3.0,0.0,0.67,18.0,44.0,-26.0,-1.11,-0.63,,,,,,,23.5,3.0,19.0,5.0,26.3,0.81,0.21,0.16,0.6,,,0.0,0.0,,,,,
Champions League,2018-2019,Internazionale,46a8347f,Šime Vrsaljko,DF,,8.1,20.0,14.0,8.0,6.0,6.0,9.0,14.0,64.3,5.0,5.0,1.0,4.0,11.0,27.0,1.0,,8.1,3.34,16.0,0.0,0.0,0.37,2.0,0.0,0.0,,,,,,,,,,,,,,,727.0,8.1,21.3,10.0,8.0,7.0,2.0,5.0,2.0,11.0,7.0,4.0,0.5,-0.17,12.1,9.1,3.0,0.37,-0.38,,8.1,0.0,2.0,1.0,50.0,0.25,0.12,0.0,0.0,32.2,0.0,0.0,0.0,0.0,0.0,0.02,0.0,0.0
Coppa Italia,2018-2019,Internazionale,46a8347f,Šime Vrsaljko,DF,,8.1,20.0,14.0,8.0,6.0,6.0,9.0,14.0,64.3,5.0,5.0,1.0,4.0,11.0,27.0,1.0,,8.1,3.34,16.0,0.0,0.0,0.37,2.0,0.0,0.0,,,,,,,,,,,,,,,727.0,8.1,21.3,10.0,8.0,7.0,2.0,5.0,2.0,11.0,7.0,4.0,0.5,-0.17,12.1,9.1,3.0,0.37,-0.38,,8.1,0.0,2.0,1.0,50.0,0.25,0.12,0.0,0.0,32.2,0.0,0.0,0.0,0.0,0.0,0.02,0.0,0.0
Serie A,2018-2019,Internazionale,46a8347f,Šime Vrsaljko,DF,,8.1,20.0,14.0,8.0,6.0,6.0,9.0,14.0,64.3,5.0,5.0,1.0,4.0,11.0,27.0,1.0,,8.1,3.34,16.0,0.0,0.0,0.37,2.0,0.0,0.0,,,,,,,,,,,,,,,727.0,8.1,21.3,10.0,8.0,7.0,2.0,5.0,2.0,11.0,7.0,4.0,0.5,-0.17,12.1,9.1,3.0,0.37,-0.38,,8.1,0.0,2.0,1.0,50.0,0.25,0.12,0.0,0.0,32.2,0.0,0.0,0.0,0.0,0.0,0.02,0.0,0.0
Champions League,2019-2020,Atlético Madrid,46a8347f,Šime Vrsaljko,DF,,4.0,6.0,5.0,6.0,0.0,0.0,5.0,6.0,83.3,1.0,5.0,3.0,2.0,8.0,11.0,0.0,,4.0,0.75,3.0,0.0,0.0,0.25,1.0,0.0,0.0,,,,,,,,,,,,,,,362.0,4.0,10.6,5.0,4.0,2.0,1.0,2.0,1.6,2.0,3.0,-1.0,-0.25,-0.98,3.1,3.2,-0.2,-0.04,-0.76,,4.0,0.0,0.0,0.0,,0.0,0.0,,,,0.0,0.0,0.0,0.0,0.0,,0.0,0.0
Champions League,2020-2021,Atlético Madrid,46a8347f,Šime Vrsaljko,FW,,5.8,18.0,12.0,13.0,5.0,0.0,8.0,12.0,66.7,4.0,5.0,0.0,5.0,8.0,14.0,0.0,,5.8,0.87,5.0,0.0,0.0,0.35,2.0,0.0,0.0,,,,,,,,,,,,,,,519.0,5.8,15.2,9.0,6.0,3.0,3.0,18.0,2.56,13.0,6.0,7.0,1.21,0.13,7.6,6.1,1.6,0.27,-0.17,,5.8,0.0,0.0,0.0,,0.0,0.0,,,,0.0,0.0,0.0,0.0,0.0,,0.0,0.0
Champions League,2021-2022,Atlético Madrid,46a8347f,Šime Vrsaljko,DF,,10.2,27.0,17.0,14.0,12.0,1.0,12.0,20.0,60.0,8.0,10.0,1.0,9.0,12.0,30.0,0.0,,10.2,1.18,8.0,0.0,1.0,0.39,4.0,0.0,0.0,,,,,,,,,,,,,,,914.0,10.2,26.7,21.0,10.0,4.0,11.0,10.0,1.86,18.0,12.0,6.0,0.59,0.02,15.5,9.0,6.5,0.64,0.12,,10.2,1.0,4.0,1.0,25.0,0.39,0.1,0.25,1.0,13.4,0.0,0.0,0.0,1.3,1.3,0.32,-0.3,-0.3
Super League Greece,2022-2023,Olympiacos,46a8347f,Šime Vrsaljko,DF,,,,,,,,,,,,,,,,,,,,,,,,,,,,,,,,,,,,,,,,,,197.0,2.2,6.1,3.0,3.0,1.0,0.0,1.0,1.33,3.0,1.0,2.0,0.91,-0.39,,,,,,,2.2,0.0,,,,,,,,,,0.0,0.0,,,,,
Czech First League,2026-2027,Slovan Liberec,8a2270e8,Šimon Gabriel,DF,,,,,,,,,,,,,,,,,,,,,,,,,,,,,,,,,,,,,,,,,,540.0,6.0,100.0,6.0,6.0,6.0,0.0,0.0,1.17,8.0,9.0,-1.0,-0.17,,,,,,,,6.0,1.0,6.0,1.0,16.7,1.0,0.17,0.17,1.0,,,0.0,0.0,,,,,
Hrvatska Nl,2021-2022,Hajduk Split,39d2bd19,Šimun Hrgović,DF,,,,,,,,,,,,,,,,,,,,,,,,,,,,,,,,,,,,,,,,,,,,,0.0,0.0,0.0,0.0,1.0,,,,,,,,,,,,,,,,,,,,,,,,,,,,,,
Hrvatska Nl,2022-2023,Hajduk Split,39d2bd19,Šimun Hrgović,DF,,,,,,,,,,,,,,,,,,,,,,,,,,,,,,,,,,,,,,,,,,,,,0.0,0.0,0.0,0.0,1.0,,,,,,,,,,,,,,,,,,,,,,,,,,,,,,
Hrvatska Nl,2023-2024,Hajduk Split,39d2bd19,Šimun Hrgović,DF,,,,,,,,,,,,,,,,,,,,,,,,,,,,,,,,,,,,,,,,,,303.0,3.4,9.4,8.0,2.0,0.0,6.0,12.0,1.63,4.0,4.0,0.0,0.0,-0.86,,,,,,,3.4,0.0,1.0,0.0,0.0,0.3,0.0,0.0,,,,0.0,0.0,,,,,
Hrvatska Nl,2024-2025,Hajduk Split,39d2bd19,Šimun Hrgović,DF,,,,,,,,,,,,,,,,,,,,,,,,,,,,,,,,,,,,,,,,,,2006.0,22.3,61.9,29.0,23.0,9.0,6.0,6.0,1.86,33.0,18.0,15.0,0.67,0.67,,,,,,,22.3,0.0,14.0,4.0,28.6,0.63,0.18,0.0,0.0,,,0.0,0.0,,,,,
Hrvatska Nl,2025-2026,Hajduk Split,39d2bd19,Šimun Hrgović,DF,,,,,,,,,,,,,,,,,,,,,,,,,,,,,,,,,,,,,,,,,,180.0,2.0,50.0,2.0,2.0,2.0,0.0,2.0,3.0,4.0,1.0,3.0,1.5,-1.0,,,,,,,2.0,0.0,1.0,0.0,0.0,0.5,0.0,0.0,,,,0.0,0.0,,,,,
Hrvatska Nl,2020-2021,Osijek,19faa9d0,Šimun Mikolčić,MF,,,,,,,,,,,,,,,,,,,,,,,,,,,,,,,,,,,,,,,,,,2.0,,0.1,1.0,0.0,0.0,1.0,0.0,3.0,1.0,0.0,1.0,45.0,44.08,,,,,,,0.0,0.0,,,,,,,,,,0.0,0.0,,,,,
Hrvatska Nl,2023-2024,Osijek,19faa9d0,Šimun Mikolčić,MF,,,,,,,,,,,,,,,,,,,,,,,,,,,,,,,,,,,,,,,,,,14.0,0.2,0.4,2.0,0.0,0.0,2.0,13.0,3.0,0.0,1.0,-1.0,-6.43,-6.99,,,,,,,0.2,0.0,0.0,0.0,,0.0,0.0,,,,,0.0,0.0,,,,,
Hrvatska Nl,2024-2025,Osijek,19faa9d0,Šimun Mikolčić,MF,,,,,,,,,,,,,,,,,,,,,,,,,,,,,,,,,,,,,,,,,,630.0,7.0,19.4,19.0,6.0,2.0,13.0,9.0,1.05,6.0,8.0,-2.0,-0.29,-0.15,,,,,,,7.0,0.0,12.0,3.0,25.0,1.71,0.43,0.0,0.0,,,0.0,0.0,,,,,
Hrvatska Nl,2025-2026,Osijek,19faa9d0,Šimun Mikolčić,MF,,,,,,,,,,,,,,,,,,,,,,,,,,,,,,,,,,,,,,,,,,78.0,0.9,21.7,3.0,0.0,0.0,3.0,1.0,0.67,0.0,0.0,0.0,0.0,1.28,,,,,,,0.9,0.0,3.0,0.0,0.0,3.46,0.0,0.0,,,,0.0,0.0,,,,,
Conference League,2022-2023,Slavia Prague,ccd99e2b,Štěpán Beran,MF,,,,,,,,,,,,,,,,,,,,,,,,,,,,,,,,,,,,,,,,,,,,,,0.0,0.0,0.0,1.0,,,,,,,,,,,,,,,,,,,,,,,,,,,,,,
Czech First League,2026-2027,Slovácko,ccd99e2b,Štěpán Beran,MF,,,,,,,,,,,,,,,,,,,,,,,,,,,,,,,,,,,,,,,,,,,,,,0.0,0.0,0.0,1.0,,,,,,,,,,,,,,,,,,,,,,,,,,,,,,
Champions League,2025-2026,Slavia Prague,ded82b9a,Štěpán Chaloupek,DF,,,,,,,,,,,,,,,,,,,,,,,,,,,,,,,,,,,,,,,,,,78.0,0.9,14.4,4.0,0.0,0.0,4.0,2.0,2.5,2.0,0.0,2.0,2.31,1.14,,,,,,,0.9,0.0,1.0,0.0,0.0,1.15,0.0,0.0,,,,0.0,0.0,,,,,
Czech First League,2026-2027,Slavia Prague,ded82b9a,Štěpán Chaloupek,DF,,,,,,,,,,,,,,,,,,,,,,,,,,,,,,,,,,,,,,,,,,123.0,1.4,19.5,5.0,0.0,0.0,5.0,2.0,2.6,4.0,1.0,3.0,2.2,0.95,,,,,,,1.4,1.0,2.0,1.0,50.0,1.46,0.73,0.5,1.0,,,0.0,0.0,,,,,
Czech First League,2026-2027,Hradec Králové,9be86983,Štěpán Harazim,MF,,,,,,,,,,,,,,,,,,,,,,,,,,,,,,,,,,,,,,,,,,471.0,5.2,74.8,7.0,4.0,2.0,3.0,0.0,0.86,7.0,9.0,-2.0,-0.38,0.18,,,,,,,5.2,0.0,6.0,0.0,0.0,1.15,0.0,0.0,,,,0.0,0.0,,,,,
Czech First League,2026-2027,Sigma Olomouc,20cba602,Štěpán Langer,MF,,,,,,,,,,,,,,,,,,,,,,,,,,,,,,,,,,,,,,,,,,358.0,4.0,66.3,6.0,3.0,2.0,3.0,0.0,1.67,4.0,1.0,3.0,0.75,1.74,,,,,,,4.0,0.0,4.0,1.0,25.0,1.01,0.25,0.0,0.0,,,0.0,0.0,,,,,
Czech First League,2026-2027,Fk Pardubice,06ad7fbe,Štěpán Míšek,MF,,,,,,,,,,,,,,,,,,,,,,,,,,,,,,,,,,,,,,,,,,535.0,5.9,99.1,6.0,6.0,5.0,0.0,0.0,0.33,6.0,15.0,-9.0,-1.51,-1.51,,,,,,,5.9,0.0,1.0,0.0,0.0,0.17,0.0,0.0,,,,0.0,0.0,,,,,
Czech First League,2026-2027,Dukla Prague,204743bd,Štěpán Šebrle,FW,,,,,,,,,,,,,,,,,,,,,,,,,,,,,,,,,,,,,,,,,,112.0,1.2,17.8,5.0,1.0,0.0,4.0,2.0,1.2,0.0,1.0,-1.0,-0.8,-0.46,,,,,,,1.2,0.0,1.0,0.0,0.0,0.8,0.0,0.0,,,,0.0,0.0,,,,,
Conference League,2021-2022,Nš Mura,fa61aad2,Žan Buček,DF,,0.0,0.0,0.0,0.0,0.0,0.0,0.0,0.0,,0.0,0.0,0.0,0.0,0.0,0.0,0.0,,0.0,0.0,0.0,0.0,0.0,0.0,0.0,0.0,0.0,,,,,,,,,,,,,,,2.0,,0.4,1.0,0.0,0.0,1.0,2.0,0.0,0.0,0.0,0.0,0.0,1.51,0.0,0.1,-0.1,-2.3,-0.9,,0.0,0.0,0.0,0.0,,0.0,0.0,,,,0.0,0.0,0.0,0.0,0.0,,0.0,0.0
Champions League,2018-2019,Roma,868c6958,Žan Celar,FW,,0.1,0.0,0.0,0.0,0.0,0.0,0.0,0.0,,0.0,0.0,0.0,0.0,0.0,0.0,0.0,,0.1,0.0,0.0,0.0,0.0,0.0,0.0,0.0,0.0,,,,,,,,,,,,,,,5.0,0.1,0.1,1.0,0.0,0.0,1.0,3.0,3.0,0.0,0.0,0.0,0.0,-0.47,0.0,0.0,0.0,-0.34,-0.67,,0.1,0.0,0.0,0.0,,0.0,0.0,,,,0.0,0.0,0.0,0.0,0.0,,0.0,0.0
Coppa Italia,2018-2019,Roma,868c6958,Žan Celar,FW,,0.1,0.0,0.0,0.0,0.0,0.0,0.0,0.0,,0.0,0.0,0.0,0.0,0.0,0.0,0.0,,0.1,0.0,0.0,0.0,0.0,0.0,0.0,0.0,0.0,,,,,,,,,,,,,,,5.0,0.1,0.1,1.0,0.0,0.0,1.0,3.0,3.0,0.0,0.0,0.0,0.0,-0.47,0.0,0.0,0.0,-0.34,-0.67,,0.1,0.0,0.0,0.0,,0.0,0.0,,,,0.0,0.0,0.0,0.0,0.0,,0.0,0.0
Serie A,2018-2019,Roma,868c6958,Žan Celar,FW,,0.1,0.0,0.0,0.0,0.0,0.0,0.0,0.0,,0.0,0.0,0.0,0.0,0.0,0.0,0.0,,0.1,0.0,0.0,0.0,0.0,0.0,0.0,0.0,0.0,,,,,,,,,,,,,,,5.0,0.1,0.1,1.0,0.0,0.0,1.0,3.0,3.0,0.0,0.0,0.0,0.0,-0.47,0.0,0.0,0.0,-0.34,-0.67,,0.1,0.0,0.0,0.0,,0.0,0.0,,,,0.0,0.0,0.0,0.0,0.0,,0.0,0.0
Coppa Italia,2019-2020,Cittadella,868c6958,Žan Celar,FW,,6.9,4.0,2.0,0.0,3.0,1.0,1.0,2.0,50.0,1.0,2.0,0.0,2.0,1.0,1.0,0.0,,6.9,1.45,8.0,2.0,0.0,0.0,0.0,0.0,0.0,,,,,,,,,,,,,,,622.0,6.9,18.2,10.0,7.0,1.0,3.0,10.0,1.5,7.0,7.0,0.0,0.0,0.0,8.4,7.7,0.7,0.1,-0.07,,6.9,1.0,17.0,4.0,23.5,2.46,0.58,0.06,0.25,13.9,1.0,0.0,0.0,1.6,1.6,0.09,-0.6,-0.6
Coppa Italia,2019-2020,Cremonese,868c6958,Žan Celar,FW,,5.2,1.0,1.0,1.0,0.0,0.0,0.0,1.0,0.0,1.0,0.0,0.0,0.0,3.0,4.0,0.0,,5.2,2.1,6.0,0.0,1.0,0.19,0.0,0.0,1.0,,,,,,,,,,,,,,,471.0,5.2,13.8,11.0,5.0,1.0,6.0,7.0,1.45,10.0,7.0,3.0,0.57,0.7,6.2,7.0,-0.9,-0.16,-0.27,,5.2,2.0,17.0,4.0,23.5,3.25,0.76,0.12,0.5,21.5,1.0,0.0,0.0,1.7,1.7,0.1,0.3,0.3
Conference League,2023-2024,Lugano,868c6958,Žan Celar,FW,,,,,,,,,,,,,,,,,,,,,,,,,,,,,,,,,,,,,,,,,,2183.0,24.3,63.8,36.0,23.0,8.0,13.0,0.0,1.81,45.0,24.0,21.0,0.87,1.23,,,,,,,24.3,14.0,80.0,32.0,40.0,3.3,1.32,0.15,0.38,,,2.0,2.0,,,,,
2 Bundesliga,2025-2026,Düsseldorf,868c6958,Žan Celar,FW,,,,,,,,,,,,,,,,,,,,,,,,,,,,,,,,,,,,,,,,,,45.0,0.5,12.5,1.0,0.0,0.0,1.0,0.0,1.0,0.0,0.0,0.0,0.0,1.43,,,,,,,0.5,0.0,0.0,0.0,,0.0,0.0,,,,,0.0,0.0,,,,,
Uefa Nations League,2025-2026,Slovenia,868c6958,Žan Celar,FW,,,,,,,,,,,,,,,,,,,,,,,,,,,,,,,,,,,,,,,,,,145.0,1.6,26.9,4.0,1.0,0.0,3.0,2.0,1.0,3.0,2.0,1.0,0.62,1.3,,,,,,,1.6,0.0,4.0,1.0,25.0,2.48,0.62,0.0,0.0,,,0.0,0.0,,,,,
Championship,2026-2027,Queens Park Rangers,868c6958,Žan Celar,FW,,0.8,0.0,0.0,0.0,0.0,0.0,0.0,0.0,,0.0,0.0,0.0,0.0,0.0,2.0,0.0,,0.8,2.37,2.0,0.0,0.0,0.0,0.0,0.0,0.0,,,,,,,,,,,,,,,76.0,0.8,28.1,2.0,1.0,0.0,1.0,0.0,0.5,1.0,1.0,0.0,0.0,3.25,0.9,1.1,-0.2,-0.18,0.73,,0.8,0.0,0.0,0.0,,0.0,0.0,,,,0.0,0.0,0.0,0.0,0.0,,0.0,0.0
Uefa Euro,2026-2027,Slovenia,868c6958,Žan Celar,FW,,0.7,1.0,1.0,0.0,1.0,0.0,1.0,1.0,100.0,0.0,0.0,0.0,0.0,1.0,2.0,0.0,,0.7,0.0,0.0,0.0,0.0,0.0,0.0,0.0,0.0,,,,,,,,,,,,,,,67.0,0.7,17.2,3.0,0.0,0.0,3.0,1.0,1.0,1.0,0.0,1.0,1.34,1.62,0.8,1.3,-0.6,-1.41,-0.83,,0.7,0.0,1.0,0.0,0.0,1.34,0.0,0.0,,28.4,0.0,0.0,0.0,0.0,0.0,0.03,0.0,0.0
Uefa Euro Qualifying,2026-2027,Slovenia,868c6958,Žan Celar,FW,,0.7,1.0,1.0,0.0,1.0,0.0,1.0,1.0,100.0,0.0,0.0,0.0,0.0,1.0,2.0,0.0,,0.7,0.0,0.0,0.0,0.0,0.0,0.0,0.0,0.0,,,,,,,,,,,,,,,67.0,0.7,17.2,3.0,0.0,0.0,3.0,1.0,1.0,1.0,0.0,1.0,1.34,1.62,0.8,1.3,-0.6,-1.41,-0.83,,0.7,0.0,1.0,0.0,0.0,1.34,0.0,0.0,,28.4,0.0,0.0,0.0,0.0,0.0,0.03,0.0,0.0
Conference League,2021-2022,Nš Mura,b11b006c,Žan Karničnik,DF,,6.0,20.0,14.0,11.0,7.0,2.0,11.0,16.0,68.8,5.0,10.0,7.0,3.0,12.0,16.0,2.0,,6.0,1.67,8.0,1.0,1.0,0.83,3.0,1.0,1.0,,,,,,,,,,,,,,,540.0,6.0,100.0,6.0,6.0,6.0,0.0,0.0,0.5,5.0,14.0,-9.0,-1.5,,4.7,13.1,-8.4,-1.41,,,6.0,0.0,1.0,0.0,0.0,0.17,0.0,0.0,,10.9,0.0,0.0,0.0,0.1,0.1,0.06,-0.1,-0.1
Conference League,2022-2023,Ludogorets Razgrad,b11b006c,Žan Karničnik,DF,,,,,,,,,,,,,,,,,,,,,,,,,,,,,,,,,,,,,,,,,,419.0,4.7,13.3,5.0,5.0,4.0,0.0,3.0,2.6,15.0,3.0,12.0,2.58,1.19,,,,,,,4.7,0.0,,,,,,,,,,0.0,0.0,,,,,
Conference League,2024-2025,Nk Celje,b11b006c,Žan Karničnik,DF,,10.1,21.0,12.0,13.0,7.0,1.0,11.0,23.0,47.8,12.0,13.0,2.0,11.0,11.0,22.0,0.0,,10.1,2.66,25.0,1.0,0.0,0.41,4.0,0.0,0.0,,,,,,,,,,,,,,,911.0,10.1,82.1,10.0,10.0,9.0,0.0,0.0,1.25,18.0,18.0,0.0,0.0,-0.45,16.5,12.0,4.5,0.46,0.66,,10.1,0.0,5.0,0.0,0.0,0.49,0.0,0.0,,21.2,0.0,0.0,0.0,0.2,0.2,0.04,-0.2,-0.2
Uefa Nations League,2025-2026,Slovenia,b11b006c,Žan Karničnik,DF,,,,,,,,,,,,,,,,,,,,,,,,,,,,,,,,,,,,,,,,,,161.0,1.8,29.8,2.0,2.0,1.0,0.0,0.0,1.25,2.0,4.0,-2.0,-1.12,-1.12,,,,,,,1.8,0.0,2.0,0.0,0.0,1.12,0.0,0.0,,,,0.0,0.0,,,,,
Friendlies M,2026-2027,Slovenia,b11b006c,Žan Karničnik,DF,,,,,,,,,,,,,,,,,,,,,,,,,,,,,,,,,,,,,,,,,,180.0,2.0,100.0,2.0,2.0,2.0,0.0,0.0,3.0,3.0,1.0,2.0,1.0,,,,,,,,2.0,0.0,,,,,,,,,,0.0,0.0,,,,,
Uefa Euro,2026-2027,Slovenia,b11b006c,Žan Karničnik,DF,,4.3,8.0,4.0,7.0,1.0,0.0,7.0,12.0,58.3,5.0,5.0,3.0,2.0,8.0,11.0,0.0,,4.3,1.0,4.0,0.0,0.0,0.25,1.0,0.0,0.0,,,,,,,,,,,,,,,390.0,4.3,100.0,4.0,4.0,4.0,0.0,0.0,1.0,2.0,2.0,0.0,0.0,,3.2,6.1,-2.9,-0.71,-0.71,,4.3,1.0,3.0,1.0,33.3,0.69,0.23,0.33,1.0,21.3,0.0,0.0,0.0,0.5,0.5,0.18,0.5,0.5
Uefa Euro Qualifying,2026-2027,Slovenia,b11b006c,Žan Karničnik,DF,,4.3,8.0,4.0,7.0,1.0,0.0,7.0,12.0,58.3,5.0,5.0,3.0,2.0,8.0,11.0,0.0,,4.3,1.0,4.0,0.0,0.0,0.25,1.0,0.0,0.0,,,,,,,,,,,,,,,390.0,4.3,100.0,4.0,4.0,4.0,0.0,0.0,1.0,2.0,2.0,0.0,0.0,,3.2,6.1,-2.9,-0.71,-0.71,,4.3,1.0,3.0,1.0,33.3,0.69,0.23,0.33,1.0,21.3,0.0,0.0,0.0,0.5,0.5,0.18,0.5,0.5
Major League Soccer,2026-2027,Austin Fc,4501fd21,Žan Kolmanič,DF,,5.6,10.0,6.0,6.0,3.0,1.0,4.0,4.0,100.0,0.0,8.0,4.0,4.0,5.0,21.0,1.0,,5.6,3.74,12.0,0.0,0.0,0.18,1.0,0.0,0.0,,,,,,,,,,,,,,,506.0,5.6,20.8,19.0,4.0,0.0,15.0,8.0,1.26,7.0,8.0,-1.0,-0.18,-0.04,11.2,9.7,1.5,0.27,0.37,,5.6,1.0,4.0,2.0,50.0,0.71,0.36,0.25,0.5,23.4,0.0,0.0,0.0,0.2,0.2,0.04,0.8,0.8
Premier League 2,2020-2021,Everton U23,cd7bf522,Žan Leban,GK,,,,,,,,,,,,,,,,,,,,,,,,,,,,,,,,,,,,,,,,,,,,,0.0,0.0,0.0,0.0,4.0,,,,,,,,,,,,,,,,,,,,,,,,,,,,,,
Premier League 2,2021-2022,Everton U23,cd7bf522,Žan Leban,GK,,,,,,,,,,,,,,,,,,,,,,,,,,,,360.0,4.0,,,,,,1.0,25.0,1.0,1.0,0.0,0.0,0.0,360.0,4.0,15.4,4.0,4.0,4.0,0.0,7.0,0.75,4.0,9.0,-5.0,-1.25,-0.52,,,,,,,4.0,0.0,,,,,,,,,,0.0,0.0,,,,,
Premier League 2,2022-2023,Everton U21,cd7bf522,Žan Leban,GK,,,,,,,,,,,,,,,,,,,,,,,,,,,,2146.0,23.8,,,,,,4.0,16.7,7.0,6.0,1.0,0.0,14.3,2146.0,23.8,91.7,24.0,24.0,23.0,0.0,2.0,1.29,37.0,46.0,-9.0,-0.38,1.01,,,,,,,23.8,0.0,,,,,,,,,,0.0,0.0,,,,,
Premier League 2,2024-2025,Everton U21,cd7bf522,Žan Leban,GK,,,,,,,,,,,,,,,,,,,,,,,,,,,,450.0,5.0,13.0,2.6,,,,1.0,20.0,1.0,0.0,1.0,0.0,100.0,450.0,5.0,25.0,5.0,5.0,5.0,0.0,1.0,0.6,9.0,13.0,-4.0,-0.8,-0.93,,,,,,,5.0,0.0,,,,,,,,,,0.0,0.0,,,,,
Conference League,2024-2025,Nk Celje,400f8b3f,Žan Luka Žužek,MF,,,,,,,,,,,,,,,,,,,,,,,,,,,,,,,,,,,,,,,,,,,,,,0.0,0.0,0.0,3.0,,,,,,,,,,,,,,,,,,,,,,,,,,,,,,
Coppa Italia,2018-2019,Lecce,bf13975c,Žan Majer,MF,,7.4,14.0,11.0,4.0,8.0,2.0,8.0,21.0,38.1,13.0,14.0,4.0,10.0,5.0,7.0,0.0,,7.4,2.17,15.0,0.0,1.0,0.0,0.0,0.0,0.0,,,,,,,,,,,,,,,665.0,7.4,20.5,11.0,7.0,3.0,4.0,3.0,2.18,12.0,8.0,4.0,0.54,-0.05,10.1,6.0,4.0,0.55,0.46,,7.4,0.0,8.0,2.0,25.0,1.08,0.27,0.0,0.0,23.4,0.0,0.0,0.0,0.3,0.3,0.04,-0.3,-0.3
Russian Premier League,2018-2019,Rostov,bf13975c,Žan Majer,MF,,,,,,,,,,,,,,,,,,,,,,,,,,,,,,,,,,,,,,,,,,,,,0.0,0.0,0.0,0.0,7.0,,,,,,,,,,,,,,,,,,,,,,,,,,,,,,
Coppa Italia,2019-2020,Lecce,bf13975c,Žan Majer,MF,,18.5,39.0,18.0,19.0,12.0,8.0,17.0,56.0,30.4,39.0,27.0,6.0,21.0,26.0,18.0,1.0,,18.5,2.76,44.0,2.0,1.0,0.27,3.0,0.0,1.0,,,,,,,,,,,,,,,1664.0,18.5,48.7,27.0,19.0,6.0,8.0,1.0,1.11,27.0,42.0,-15.0,-0.81,0.11,25.5,43.7,-18.3,-0.99,-0.34,,18.5,1.0,20.0,8.0,40.0,1.08,0.43,0.05,0.13,21.4,1.0,0.0,0.0,1.8,1.8,0.09,-0.8,-0.8
Serie A,2019-2020,Lecce,bf13975c,Žan Majer,MF,,18.5,39.0,18.0,19.0,12.0,8.0,17.0,56.0,30.4,39.0,27.0,6.0,21.0,26.0,18.0,1.0,,18.5,2.76,44.0,2.0,1.0,0.27,3.0,0.0,1.0,,,,,,,,,,,,,,,1664.0,18.5,48.7,27.0,19.0,6.0,8.0,1.0,1.11,27.0,42.0,-15.0,-0.81,0.11,25.5,43.7,-18.3,-0.99,-0.34,,18.5,1.0,20.0,8.0,40.0,1.08,0.43,0.05,0.13,21.4,1.0,0.0,0.0,1.8,1.8,0.09,-0.8,-0.8
Serie B,2026-2027,Mantova,bf13975c,Žan Majer,MF,,1.1,2.0,2.0,1.0,1.0,0.0,1.0,1.0,100.0,0.0,3.0,1.0,2.0,3.0,3.0,0.0,,1.1,0.94,1.0,0.0,0.0,0.0,0.0,0.0,0.0,,,,,,,,,,,,,,,96.0,1.1,53.3,2.0,1.0,0.0,1.0,0.0,1.5,1.0,1.0,0.0,0.0,0.0,0.6,1.2,-0.6,-0.56,-1.53,,1.1,0.0,2.0,0.0,0.0,1.87,0.0,0.0,,29.1,0.0,0.0,0.0,0.0,0.0,0.02,0.0,0.0
Conference League,2023-2024,Olimpija Ljubljana,f7ed3d4b,Žan Mauricio,GK,,,,,,,,,,,,,,,,,,,,,,,,,,,,,,,,,,,,,,,,,,,,,,0.0,0.0,0.0,5.0,,,,,,,,,,,,,,,,,,,,,,,,,,,,,,
Nb I,2025-2026,Zalaegerszeg,f7ed3d4b,Žan Mauricio,GK,,,,,,,,,,,,,,,,,,,,,,,,,,,,,,,,,,,,,,,,,,,,,0.0,0.0,0.0,0.0,6.0,,,,,,,,,,,,,,,,,,,,,,,,,,,,,,
Ekstraklasa,2020-2021,Wisła Kraków,9e55d47e,Žan Medved,FW,,,,,,,,,,,,,,,,,,,,,,,,,,,,,,,,,,,,,,,,,,529.0,5.9,19.6,13.0,5.0,1.0,8.0,3.0,0.92,5.0,11.0,-6.0,-1.02,-1.15,,,,,,,5.9,0.0,,,,,,,,,,0.0,0.0,,,,,
Nb I,2024-2025,Nyíregyháza,9e55d47e,Žan Medved,FW,,,,,,,,,,,,,,,,,,,,,,,,,,,,,,,,,,,,,,,,,,537.0,6.0,18.1,13.0,6.0,1.0,7.0,2.0,1.15,3.0,13.0,-10.0,-1.68,-1.27,,,,,,,6.0,0.0,9.0,3.0,33.3,1.51,0.5,0.0,0.0,,,0.0,0.0,,,,,
Belgian Pro League,2023-2024,Charleroi,0f4f3267,Žan Rogelj,DF,,23.2,53.0,40.0,32.0,17.0,4.0,40.0,75.0,53.3,35.0,31.0,6.0,25.0,39.0,55.0,0.0,,23.2,2.33,43.0,2.0,0.0,0.13,1.0,0.0,0.0,,,,,,,,,,,,,,,2089.0,23.2,77.4,25.0,24.0,19.0,1.0,4.0,1.17,23.0,40.0,-17.0,-0.73,0.0,26.6,38.0,-11.5,-0.49,-0.26,,23.2,0.0,5.0,3.0,60.0,0.22,0.13,0.0,0.0,21.4,0.0,0.0,0.0,0.3,0.3,0.05,-0.3,-0.3
Belgian Pro League,2024-2025,Charleroi,0f4f3267,Žan Rogelj,DF,,9.2,16.0,9.0,8.0,6.0,2.0,9.0,17.0,52.9,8.0,8.0,4.0,4.0,9.0,39.0,0.0,,9.2,2.17,18.0,0.0,0.0,0.33,3.0,0.0,0.0,,,,,,,,,,,,,,,828.0,9.2,30.7,16.0,9.0,7.0,7.0,14.0,1.81,13.0,12.0,1.0,0.11,0.16,14.9,10.8,4.1,0.44,0.02,,9.2,0.0,6.0,2.0,33.3,0.65,0.22,0.0,0.0,17.8,0.0,0.0,0.0,0.4,0.4,0.06,-0.4,-0.4
Belgian Pro League,2025-2026,Charleroi,0f4f3267,Žan Rogelj,FW,,1.7,2.0,1.0,1.0,1.0,0.0,2.0,3.0,66.7,1.0,2.0,1.0,1.0,0.0,4.0,0.0,,1.7,1.19,2.0,0.0,0.0,0.0,0.0,0.0,0.0,,,,,,,,,,,,,,,151.0,1.7,33.6,2.0,2.0,1.0,0.0,2.0,1.0,1.0,2.0,-1.0,-0.6,-1.2,1.5,2.4,-0.9,-0.55,-1.07,,1.7,0.0,0.0,0.0,,0.0,0.0,,,,0.0,0.0,0.0,0.0,0.0,,0.0,0.0
Hrvatska Nl,2025-2026,Gorica,c35e0259,Žan Trontelj,DF,,,,,,,,,,,,,,,,,,,,,,,,,,,,,,,,,,,,,,,,,,270.0,3.0,60.0,3.0,3.0,3.0,0.0,0.0,1.33,5.0,4.0,1.0,0.33,1.33,,,,,,,3.0,0.0,1.0,0.0,0.0,0.33,0.0,0.0,,,,0.0,0.0,,,,,
Ukrainian Premier League,2026-2027,Zorya Luhansk,c35e0259,Žan Trontelj,DF,,,,,,,,,,,,,,,,,,,,,,,,,,,,,,,,,,,,,,,,,,,,,0.0,0.0,0.0,0.0,1.0,,,,,,,,,,,,,,,,,,,,,,,,,,,,,,
Ligue 2,2023-2024,Bordeaux,15aa23ee,Žan Vipotnik,FW,,,,,,,,,,,,,,,,,,,,,,,,,,,,,,,,,,,,,,,,,,2388.0,26.5,69.8,37.0,25.0,14.0,12.0,0.0,1.35,38.0,35.0,3.0,0.11,0.55,,,,,,,26.5,10.0,84.0,33.0,39.3,3.17,1.24,0.12,0.3,,,0.0,1.0,,,,,
Uefa Nations League,2025-2026,Slovenia,15aa23ee,Žan Vipotnik,FW,,,,,,,,,,,,,,,,,,,,,,,,,,,,,,,,,,,,,,,,,,240.0,2.7,44.4,5.0,2.0,0.0,3.0,1.0,1.57,2.0,5.0,-3.0,-1.13,-1.42,,,,,,,2.7,0.0,2.0,0.0,0.0,0.75,0.0,0.0,,,,0.0,0.0,,,,,
Uefa Euro,2026-2027,Slovenia,15aa23ee,Žan Vipotnik,FW,,0.2,0.0,0.0,0.0,0.0,0.0,0.0,1.0,0.0,1.0,0.0,0.0,0.0,0.0,1.0,0.0,,0.2,0.0,0.0,0.0,0.0,0.0,0.0,0.0,0.0,,,,,,,,,,,,,,,15.0,0.2,3.8,1.0,0.0,0.0,1.0,3.0,1.0,0.0,1.0,-1.0,-6.0,-6.24,0.0,0.3,-0.3,-1.8,-1.19,,0.2,0.0,0.0,0.0,,0.0,0.0,,,,0.0,0.0,0.0,0.0,0.0,,0.0,0.0
Uefa Euro Qualifying,2026-2027,Slovenia,15aa23ee,Žan Vipotnik,FW,,0.2,0.0,0.0,0.0,0.0,0.0,0.0,1.0,0.0,1.0,0.0,0.0,0.0,0.0,1.0,0.0,,0.2,0.0,0.0,0.0,0.0,0.0,0.0,0.0,0.0,,,,,,,,,,,,,,,15.0,0.2,3.8,1.0,0.0,0.0,1.0,3.0,1.0,0.0,1.0,-1.0,-6.0,-6.24,0.0,0.3,-0.3,-1.8,-1.19,,0.2,0.0,0.0,0.0,,0.0,0.0,,,,0.0,0.0,0.0,0.0,0.0,,0.0,0.0
Championship,2026-2027,Swansea City,15aa23ee,Žan Vipotnik,FW,,0.5,1.0,0.0,0.0,1.0,0.0,0.0,0.0,,0.0,0.0,0.0,0.0,0.0,1.0,0.0,,0.5,0.0,0.0,0.0,0.0,0.0,0.0,0.0,0.0,,,,,,,,,,,,,,,43.0,0.5,15.9,2.0,0.0,0.0,2.0,1.0,0.5,1.0,0.0,1.0,2.09,2.49,0.4,0.0,0.3,0.72,0.58,,0.5,1.0,2.0,1.0,50.0,4.19,2.09,0.5,1.0,9.7,0.0,0.0,0.0,0.3,0.3,0.16,0.7,0.7
Danish Superliga,2022-2023,Viborg,d1375c2e,Žan Zaletel,DF,,,,,,,,,,,,,,,,,,,,,,,,,,,,,,,,,,,,,,,,,,2251.0,25.0,78.2,26.0,25.0,25.0,1.0,1.0,1.54,34.0,30.0,4.0,0.16,-0.56,,,,,,,25.0,0.0,10.0,2.0,20.0,0.4,0.08,0.0,0.0,,,0.0,0.0,,,,,
Danish Superliga,2023-2024,Viborg,d1375c2e,Žan Zaletel,DF,,,,,,,,,,,,,,,,,,,,,,,,,,,,,,,,,,,,,,,,,,2271.0,25.2,78.9,27.0,26.0,23.0,1.0,0.0,1.3,28.0,37.0,-9.0,-0.36,-0.21,,,,,,,25.2,1.0,10.0,3.0,30.0,0.4,0.12,0.1,0.33,,,0.0,0.0,,,,,
Danish Superliga,2024-2025,Viborg,d1375c2e,Žan Zaletel,DF,,,,,,,,,,,,,,,,,,,,,,,,,,,,,,,,,,,,,,,,,,374.0,4.2,13.0,5.0,5.0,4.0,0.0,0.0,0.4,8.0,12.0,-4.0,-0.96,-1.36,,,,,,,4.2,0.0,1.0,0.0,0.0,0.24,0.0,0.0,,,,0.0,0.0,,,,,
Super Lig,2025-2026,Gençlerbirliği,4f7c59dc,Žan Žužek,MF,,,,,,,,,,,,,,,,,,,,,,,,,,,,,,,,,,,,,,,,,,357.0,4.0,99.2,4.0,4.0,3.0,0.0,0.0,0.0,3.0,8.0,-5.0,-1.26,-1.26,,,,,,,4.0,1.0,6.0,2.0,33.3,1.51,0.5,0.17,0.5,,,0.0,0.0,,,,,
Serbian Superliga,2019-2020,Inđija,6dbdbed5,Žarko Marković,DF,,,,,,,,,,,,,,,,,,,,,,,,,,,,,,,,,,,,,,,,,,7.0,0.1,0.3,1.0,0.0,0.0,1.0,2.0,2.0,2.0,2.0,0.0,0.0,0.74,,,,,,,0.1,0.0,,,,,,,,,,0.0,0.0,,,,,
Serbian Superliga,2019-2020,Radnik Surdulica,6dbdbed5,Žarko Marković,DF,,,,,,,,,,,,,,,,,,,,,,,,,,,,,,,,,,,,,,,,,,1147.0,12.7,42.5,15.0,15.0,11.0,0.0,0.0,1.0,13.0,21.0,-8.0,-0.63,-0.16,,,,,,,12.7,0.0,,,,,,,,,,0.0,0.0,,,,,
Serbian Superliga,2020-2021,Radnički Niš,6dbdbed5,Žarko Marković,DF,,,,,,,,,,,,,,,,,,,,,,,,,,,,,,,,,,,,,,,,,,1637.0,18.2,47.9,21.0,20.0,17.0,1.0,1.0,1.48,19.0,18.0,1.0,0.05,0.21,,,,,,,18.2,4.0,,,,,,,,,,0.0,0.0,,,,,
Belgian Pro League,2018-2019,Oostende,b6580563,Žarko Tomašević,DF,,18.4,22.0,19.0,17.0,5.0,0.0,6.0,10.0,60.0,4.0,16.0,10.0,6.0,57.0,70.0,1.0,,18.4,1.36,13.0,0.0,4.0,0.16,2.0,0.0,0.0,,,,,,,,,,,,,,,1656.0,18.4,61.3,19.0,19.0,18.0,0.0,4.0,1.37,23.0,29.0,-6.0,-0.33,1.4,20.7,26.7,-6.1,-0.33,0.99,,18.4,1.0,18.0,5.0,27.8,0.98,0.27,0.06,0.2,13.7,0.0,0.0,0.0,1.9,1.9,0.11,-0.9,-0.9
Conference League,2023-2024,Astana Fk,b6580563,Žarko Tomašević,DF,,4.0,1.0,1.0,1.0,0.0,0.0,0.0,2.0,0.0,2.0,9.0,5.0,4.0,10.0,15.0,0.0,,4.0,0.25,1.0,0.0,0.0,0.0,0.0,0.0,0.0,,,,,,,,,,,,,,,363.0,4.0,67.2,5.0,4.0,4.0,1.0,0.0,0.71,2.0,12.0,-10.0,-2.48,-2.99,3.2,8.5,-5.3,-1.3,-0.77,,4.0,0.0,2.0,0.0,0.0,0.5,0.0,0.0,,19.3,0.0,0.0,0.0,0.0,0.0,0.01,0.0,0.0
Uefa Euro Qualifying,2026-2027,Montenegro,b6580563,Žarko Tomašević,DF,,,,,,,,,,,,,,,,,,,,,,,,,,,,,,,,,,,,,,,,,,375.0,4.2,52.1,5.0,4.0,3.0,1.0,0.0,1.0,5.0,6.0,-1.0,-0.24,0.02,,,,,,,4.2,0.0,2.0,1.0,50.0,0.48,0.24,0.0,0.0,,,0.0,0.0,,,,,
Ekstraklasa,2018-2019,Zagłębie Sosnowiec,3387b99f,Žarko Udovičić,MF,,,,,,,,,,,,,,,,,,,,,,,,,,,,,,,,,,,,,,,,,,2645.0,29.4,79.4,33.0,30.0,20.0,3.0,1.0,0.88,43.0,59.0,-16.0,-0.54,1.43,,,,,,,29.4,9.0,,,,,,,,,,0.0,0.0,,,,,
Ekstraklasa,2019-2020,Lechia Gdańsk,3387b99f,Žarko Udovičić,FW,,,,,,,,,,,,,,,,,,,,,,,,,,,,,,,,,,,,,,,,,,661.0,7.3,19.8,9.0,8.0,3.0,1.0,1.0,2.0,13.0,7.0,6.0,0.82,1.09,,,,,,,7.3,1.0,,,,,,,,,,0.0,0.0,,,,,
Ekstraklasa,2020-2021,Lechia Gdańsk,3387b99f,Žarko Udovičić,MF,,,,,,,,,,,,,,,,,,,,,,,,,,,,,,,,,,,,,,,,,,537.0,6.0,19.9,14.0,5.0,0.0,9.0,4.0,1.36,7.0,11.0,-4.0,-0.67,-0.96,,,,,,,6.0,2.0,,,,,,,,,,0.0,0.0,,,,,
Ekstraklasa,2021-2022,Raków Częstochowa,3387b99f,Žarko Udovičić,MF,,,,,,,,,,,,,,,,,,,,,,,,,,,,,,,,,,,,,,,,,,127.0,1.4,4.2,3.0,2.0,0.0,1.0,8.0,2.0,0.0,3.0,-3.0,-2.13,-3.14,,,,,,,1.4,0.0,,,,,,,,,,0.0,0.0,,,,,
Serbian Superliga,2022-2023,Mladost Lučani,3387b99f,Žarko Udovičić,DF,,,,,,,,,,,,,,,,,,,,,,,,,,,,,,,,,,,,,,,,,,2239.0,24.9,67.2,33.0,22.0,15.0,11.0,2.0,1.09,26.0,33.0,-7.0,-0.28,0.54,,,,,,,24.9,1.0,,,,,,,,,,0.0,0.0,,,,,
Serbian Superliga,2023-2024,Mladost Lučani,3387b99f,Žarko Udovičić,DF,,,,,,,,,,,,,,,,,,,,,,,,,,,,,,,,,,,,,,,,,,2961.0,32.9,88.9,35.0,33.0,28.0,2.0,1.0,1.23,34.0,47.0,-13.0,-0.4,0.09,,,,,,,32.9,2.0,,,,,,,,,,0.0,0.0,,,,,
Serbian Superliga,2024-2025,Mladost Lučani,3387b99f,Žarko Udovičić,DF,,,,,,,,,,,,,,,,,,,,,,,,,,,,,,,,,,,,,,,,,,2421.0,26.9,72.7,32.0,27.0,22.0,5.0,2.0,1.13,28.0,35.0,-7.0,-0.26,0.04,,,,,,,26.9,1.0,4.0,2.0,50.0,0.15,0.07,0.25,0.5,,,0.0,0.0,,,,,
Serbian Superliga,2025-2026,Mladost Lučani,3387b99f,Žarko Udovičić,DF,,,,,,,,,,,,,,,,,,,,,,,,,,,,,,,,,,,,,,,,,,448.0,5.0,83.0,5.0,5.0,4.0,0.0,0.0,1.2,5.0,6.0,-1.0,-0.2,2.73,,,,,,,5.0,0.0,0.0,0.0,,0.0,0.0,,,,,0.0,0.0,,,,,
Serbian Superliga,2018-2019,Bačka Bačka Palanka,19f76b04,Željko Arsić,FW,,,,,,,,,,,,,,,,,,,,,,,,,,,,,,,,,,,,,,,,,,521.0,5.8,15.6,16.0,4.0,2.0,12.0,4.0,0.56,3.0,9.0,-6.0,-1.04,-0.04,,,,,,,5.8,0.0,,,,,,,,,,0.0,0.0,,,,,
Serbian Superliga,2023-2024,Imt Novi Beograd,19f76b04,Željko Arsić,FW,,,,,,,,,,,,,,,,,,,,,,,,,,,,,,,,,,,,,,,,,,267.0,3.0,8.0,13.0,2.0,0.0,11.0,4.0,1.15,4.0,7.0,-3.0,-1.01,-0.81,,,,,,,3.0,0.0,,,,,,,,,,0.0,0.0,,,,,
Serbian Superliga,2024-2025,Imt Novi Beograd,19f76b04,Željko Arsić,FW,,,,,,,,,,,,,,,,,,,,,,,,,,,,,,,,,,,,,,,,,,,,,0.0,0.0,0.0,0.0,3.0,,,,,,,,,,,,,,,,,,,,,,,,,,,,,,
Serbian Superliga,2025-2026,Imt Novi Beograd,19f76b04,Željko Arsić,MF,,,,,,,,,,,,,,,,,,,,,,,,,,,,,,,,,,,,,,,,,,111.0,1.2,20.6,2.0,1.0,1.0,1.0,0.0,0.5,1.0,3.0,-2.0,-1.62,-0.36,,,,,,,1.2,0.0,0.0,0.0,,0.0,0.0,,,,,0.0,0.0,,,,,
Serbian Superliga,2019-2020,Javor Ivanjica,e76be937,Željko Basarić,MF,,,,,,,,,,,,,,,,,,,,,,,,,,,,,,,,,,,,,,,,,,16.0,0.2,0.6,2.0,0.0,0.0,2.0,3.0,2.0,0.0,0.0,0.0,0.0,0.64,,,,,,,0.2,0.0,,,,,,,,,,0.0,0.0,,,,,
Serbian Superliga,2020-2021,Javor Ivanjica,e76be937,Željko Basarić,MF,,,,,,,,,,,,,,,,,,,,,,,,,,,,,,,,,,,,,,,,,,,,,,0.0,,0.0,9.0,,,,,,,,,,,,,,,,,,,,,,,,,,,,,,
Serbian Superliga,2022-2023,Javor Ivanjica,e76be937,Željko Basarić,MF,,,,,,,,,,,,,,,,,,,,,,,,,,,,,,,,,,,,,,,,,,,,,,0.0,0.0,0.0,10.0,,,,,,,,,,,,,,,,,,,,,,,,,,,,,,
Serbian Superliga,2020-2021,Vojvodina,5b8e51a8,Željko Brkić,GK,,,,,,,,,,,,,,,,,,,,,,,,,,,,,,,,,,,,,,,,,,,,,,0.0,,0.0,1.0,,,,,,,,,,,,,,,,,,,,,,,,,,,,,,
Serbian Superliga,2018-2019,Dinamo Vranje,d591e06c,Željko Dimitrov,FW,,,,,,,,,,,,,,,,,,,,,,,,,,,,,,,,,,,,,,,,,,2673.0,29.7,80.3,35.0,30.0,22.0,5.0,0.0,0.91,22.0,55.0,-33.0,-1.11,0.26,,,,,,,29.7,13.0,,,,,,,,,,3.0,3.0,,,,,
Serbian Superliga,2020-2021,Inđija,d591e06c,Željko Dimitrov,FW,,,,,,,,,,,,,,,,,,,,,,,,,,,,,,,,,,,,,,,,,,1379.0,15.3,40.3,19.0,16.0,6.0,3.0,0.0,0.89,11.0,22.0,-11.0,-0.72,0.43,,,,,,,15.3,4.0,,,,,,,,,,1.0,1.0,,,,,
Serbian Superliga,2021-2022,Radnik Surdulica,d591e06c,Željko Dimitrov,FW,,,,,,,,,,,,,,,,,,,,,,,,,,,,,,,,,,,,,,,,,,578.0,6.4,17.4,20.0,4.0,0.0,16.0,16.0,0.95,3.0,8.0,-5.0,-0.78,-0.94,,,,,,,6.4,0.0,,,,,,,,,,0.0,0.0,,,,,
Serbian Superliga,2019-2020,Vojvodina,e9f7f161,Željko Filipović,MF,,,,,,,,,,,,,,,,,,,,,,,,,,,,,,,,,,,,,,,,,,61.0,0.7,2.3,1.0,1.0,0.0,0.0,2.0,3.0,1.0,0.0,1.0,1.48,0.83,,,,,,,0.7,0.0,,,,,,,,,,0.0,0.0,,,,,
Champions League,2019-2020,Red Star,264b6d64,Željko Gavrić,MF,,,,,,,,,,,,,,,,,,,,,,,,,,,,,,,,,,,,,,,,,,592.0,6.6,21.9,9.0,8.0,0.0,1.0,0.0,2.22,12.0,4.0,8.0,1.22,-0.58,,,,,,,6.6,1.0,,,,,,,,,,0.0,0.0,,,,,
Serbian Superliga,2019-2020,Red Star,264b6d64,Željko Gavrić,MF,,,,,,,,,,,,,,,,,,,,,,,,,,,,,,,,,,,,,,,,,,592.0,6.6,21.9,9.0,8.0,0.0,1.0,0.0,2.22,12.0,4.0,8.0,1.22,-0.58,,,,,,,6.6,1.0,,,,,,,,,,0.0,0.0,,,,,
Serbian Superliga,2020-2021,Red Star,264b6d64,Željko Gavrić,MF,,,,,,,,,,,,,,,,,,,,,,,,,,,,,,,,,,,,,,,,,,1473.0,16.4,43.1,27.0,21.0,3.0,6.0,7.0,2.78,58.0,10.0,48.0,2.93,0.81,,,,,,,16.4,8.0,,,,,,,,,,0.0,0.0,,,,,
Nb I,2021-2022,Ferencváros,264b6d64,Željko Gavrić,MF,,,,,,,,,,,,,,,,,,,,,,,,,,,,,,,,,,,,,,,,,,280.0,3.1,9.4,10.0,2.0,0.0,8.0,14.0,2.4,5.0,4.0,1.0,0.32,-0.62,,,,,,,3.1,0.0,,,,,,,,,,0.0,0.0,,,,,
Serbian Superliga,2021-2022,Red Star,264b6d64,Željko Gavrić,MF,,,,,,,,,,,,,,,,,,,,,,,,,,,,,,,,,,,,,,,,,,25.0,0.3,0.8,1.0,0.0,0.0,1.0,0.0,3.0,1.0,0.0,1.0,3.6,1.56,,,,,,,0.3,0.0,,,,,,,,,,0.0,0.0,,,,,
Nb I,2024-2025,Győr,264b6d64,Željko Gavrić,MF,,,,,,,,,,,,,,,,,,,,,,,,,,,,,,,,,,,,,,,,,,2268.0,25.2,76.4,29.0,28.0,10.0,1.0,0.0,1.59,31.0,25.0,6.0,0.24,-0.53,,,,,,,25.2,2.0,33.0,16.0,48.5,1.31,0.63,0.06,0.13,,,0.0,0.0,,,,,
Nb I,2025-2026,Győr,264b6d64,Željko Gavrić,MF,,,,,,,,,,,,,,,,,,,,,,,,,,,,,,,,,,,,,,,,,,139.0,1.5,38.6,3.0,2.0,0.0,1.0,0.0,1.67,4.0,2.0,2.0,1.29,0.07,,,,,,,1.5,0.0,3.0,3.0,100.0,1.94,1.94,0.0,0.0,,,0.0,0.0,,,,,
Serbian Superliga,2020-2021,Mladost Lučani,3d6d6681,Željko Samčović,GK,,,,,,,,,,,,,,,,,,,,,,,,,,,,90.0,1.0,,,,,,0.0,0.0,1.0,1.0,0.0,0.0,0.0,90.0,1.0,2.6,1.0,1.0,1.0,0.0,19.0,1.0,2.0,2.0,0.0,0.0,0.43,,,,,,,1.0,0.0,,,,,,,,,,0.0,0.0,,,,,
Serbian Superliga,2021-2022,Mladost Lučani,3d6d6681,Željko Samčović,GK,,,,,,,,,,,,,,,,,,,,,,,,,,,,180.0,2.0,,,,,,0.0,0.0,0.0,0.0,0.0,0.0,,180.0,2.0,5.4,2.0,2.0,2.0,0.0,33.0,1.5,3.0,3.0,0.0,0.0,0.17,,,,,,,2.0,0.0,,,,,,,,,,0.0,0.0,,,,,
Serbian Superliga,2022-2023,Mladost Lučani,3d6d6681,Željko Samčović,GK,,,,,,,,,,,,,,,,,,,,,,,,,,,,1737.0,19.3,,,,,,2.0,10.0,5.0,5.0,0.0,0.0,0.0,1737.0,19.3,52.2,20.0,20.0,19.0,0.0,4.0,0.95,25.0,35.0,-10.0,-0.52,-0.12,,,,,,,19.3,0.0,,,,,,,,,,0.0,0.0,,,,,
Serbian Superliga,2023-2024,Mladost Lučani,3d6d6681,Željko Samčović,GK,,,,,,,,,,,,,,,,,,,,,,,,,,,,124.0,1.4,,,,,,0.0,0.0,0.0,0.0,0.0,0.0,,124.0,1.4,3.7,2.0,2.0,1.0,0.0,30.0,0.0,1.0,4.0,-3.0,-2.18,-1.84,,,,,,,1.4,0.0,,,,,,,,,,0.0,0.0,,,,,
Serbian Superliga,2024-2025,Mladost Lučani,3d6d6681,Željko Samčović,GK,,,,,,,,,,,,,,,,,,,,,,,,,,,,,,,,,,,,,,,,,,,,,,0.0,0.0,0.0,20.0,,,,,,,,,,,,,,,,,,,,,,,,,,,,,,
Serbian Superliga,2024-2025,Novi Pazar,3d6d6681,Željko Samčović,GK,,,,,,,,,,,,,,,,,,,,,,,,,,,,1440.0,16.0,24.0,1.5,23.0,0.0,0.0,3.0,18.8,3.0,1.0,0.0,2.0,0.0,1440.0,16.0,43.2,16.0,16.0,16.0,0.0,0.0,1.75,29.0,24.0,5.0,0.31,0.79,,,,,,,16.0,0.0,0.0,0.0,,0.0,0.0,,,,,0.0,0.0,,,,,
Serbian Superliga,2025-2026,Novi Pazar,3d6d6681,Željko Samčović,GK,,,,,,,,,,,,,,,,,,,,,,,,,,,,450.0,5.0,7.0,1.4,,,,1.0,20.0,3.0,1.0,2.0,0.0,66.7,450.0,5.0,100.0,5.0,5.0,5.0,0.0,0.0,1.6,9.0,7.0,2.0,0.4,,,,,,,,5.0,0.0,0.0,0.0,,0.0,0.0,,,,,0.0,0.0,,,,,
Hrvatska Nl,2019-2020,Inter Zaprešić,58bef7b2,Žiga Frelih,GK,,,,,,,,,,,,,,,,,,,,,,,,,,,,1980.0,22.0,42.0,1.91,,,,2.0,9.1,5.0,5.0,0.0,0.0,0.0,1980.0,22.0,61.1,22.0,22.0,22.0,0.0,5.0,0.64,25.0,46.0,-21.0,-0.95,0.4,,,,,,,22.0,1.0,,,,,,,,,,0.0,0.0,,,,,
Primeira Liga,2021-2022,Gil Vicente Fc,58bef7b2,Žiga Frelih,GK,,19.0,0.0,0.0,0.0,0.0,0.0,0.0,0.0,,0.0,0.0,0.0,0.0,3.0,12.0,0.0,,19.0,0.0,0.0,0.0,0.0,0.0,0.0,0.0,0.0,1710.0,19.0,23.0,1.21,74.0,50.0,74.3,5.0,26.3,5.0,4.0,1.0,0.0,20.0,1710.0,19.0,55.9,19.0,19.0,19.0,0.0,3.0,1.47,28.0,23.0,5.0,0.26,0.26,28.9,22.3,6.6,0.35,1.12,,19.0,0.0,0.0,0.0,,0.0,0.0,,,,0.0,0.0,0.0,0.0,0.0,,0.0,0.0
Segunda Division,2022-2023,Cd Mirandés,58bef7b2,Žiga Frelih,GK,,,,,,,,,,,,,,,,,,,,,,,,,,,,90.0,1.0,2.0,2.0,5.0,3.0,60.0,0.0,0.0,0.0,0.0,0.0,0.0,,90.0,1.0,2.4,1.0,1.0,1.0,0.0,16.0,0.0,1.0,2.0,-1.0,-1.0,-0.88,,,,,,,1.0,0.0,0.0,0.0,,0.0,0.0,,,,,0.0,0.0,,,,,
Primeira Liga,2022-2023,Chaves,58bef7b2,Žiga Frelih,GK,,,,,,,,,,,,,,,,,,,,,,,,,,,,,,,,,,,,,,,,,,,,,,0.0,0.0,0.0,2.0,,,,,,,,,,,,,,,,,,,,,,,,,,,,,,
Conference League,2021-2022,Nš Mura,4f203d96,Žiga Kous,DF,,5.8,7.0,4.0,5.0,2.0,0.0,3.0,7.0,42.9,4.0,5.0,4.0,1.0,8.0,17.0,0.0,,5.8,1.03,4.0,0.0,0.0,0.0,0.0,0.0,0.0,,,,,,,,,,,,,,,524.0,5.8,97.0,6.0,6.0,5.0,0.0,0.0,0.5,5.0,12.0,-7.0,-1.2,10.05,4.7,12.4,-7.7,-1.33,2.73,,5.8,1.0,7.0,2.0,28.6,1.2,0.34,0.14,0.5,19.8,0.0,0.0,0.0,0.6,0.6,0.09,0.4,0.4
Super League Greece,2019-2020,Aek Athens,cd9c5120,Žiga Laci,DF,,,,,,,,,,,,,,,,,,,,,,,,,,,,,,,,,,,,,,,,,,90.0,1.0,2.8,1.0,1.0,1.0,0.0,8.0,1.0,1.0,1.0,0.0,0.0,-0.77,,,,,,,1.0,0.0,,,,,,,,,,0.0,0.0,,,,,
Super League Greece,2020-2021,Aek Athens,cd9c5120,Žiga Laci,DF,,,,,,,,,,,,,,,,,,,,,,,,,,,,,,,,,,,,,,,,,,931.0,10.3,28.7,11.0,10.0,8.0,1.0,8.0,1.64,16.0,14.0,2.0,0.19,-0.04,,,,,,,10.3,0.0,,,,,,,,,,0.0,0.0,,,,,
Super League Greece,2021-2022,Aek Athens,cd9c5120,Žiga Laci,DF,,,,,,,,,,,,,,,,,,,,,,,,,,,,,,,,,,,,,,,,,,,,,0.0,0.0,0.0,0.0,2.0,,,,,,,,,,,,,,,,,,,,,,,,,,,,,,
Conference League,2022-2023,Fk Rīgas Fs,6205d041,Žiga Lipušček,DF,,6.0,9.0,4.0,7.0,2.0,0.0,7.0,8.0,87.5,1.0,8.0,5.0,3.0,9.0,34.0,0.0,,6.0,0.5,2.0,0.0,0.0,0.0,0.0,0.0,0.0,,,,,,,,,,,,,,,540.0,6.0,100.0,6.0,6.0,6.0,0.0,0.0,0.8,2.0,11.0,-9.0,-1.5,,3.8,11.0,-7.2,-1.2,,,6.0,0.0,7.0,3.0,42.9,1.17,0.5,0.0,0.0,12.4,0.0,0.0,0.0,0.6,0.6,0.09,-0.6,-0.6
Russian Premier League,2019-2020,Orenburg,7a1ad56a,Žiga Škoflek,MF,,,,,,,,,,,,,,,,,,,,,,,,,,,,,,,,,,,,,,,,,,603.0,6.7,23.9,11.0,7.0,1.0,4.0,7.0,0.91,5.0,13.0,-8.0,-1.19,-0.44,,,,,,,6.7,1.0,13.0,2.0,15.4,1.94,0.3,0.08,0.5,,,0.0,0.0,,,,,
Conference League,2021-2022,Nš Mura,7a1ad56a,Žiga Škoflek,FW,,1.2,2.0,1.0,1.0,1.0,0.0,1.0,2.0,50.0,1.0,5.0,1.0,4.0,0.0,2.0,0.0,,1.2,0.0,0.0,0.0,0.0,0.0,0.0,0.0,0.0,,,,,,,,,,,,,,,107.0,1.2,19.8,2.0,1.0,0.0,1.0,0.0,0.0,0.0,5.0,-5.0,-4.21,-3.37,0.5,2.7,-2.2,-1.85,-0.55,,1.2,0.0,0.0,0.0,,0.0,0.0,,,,0.0,0.0,0.0,0.0,0.0,,0.0,0.0
Nb I,2020-2021,Zalaegerszeg,e79b8f40,Žiga Živko,DF,,,,,,,,,,,,,,,,,,,,,,,,,,,,,,,,,,,,,,,,,,221.0,2.5,7.4,4.0,2.0,2.0,2.0,7.0,2.0,5.0,2.0,3.0,1.22,1.32,,,,,,,2.5,0.0,,,,,,,,,,0.0,0.0,,,,,
Super League Greece,2018-2019,Xanthi,c7b13c29,Živko Živković,GK,,,,,,,,,,,,,,,,,,,,,,,,,,,,2700.0,30.0,0.0,0.0,,,,12.0,40.0,2.0,1.0,1.0,0.0,50.0,2700.0,30.0,100.0,30.0,30.0,30.0,0.0,0.0,1.07,22.0,33.0,-11.0,-0.37,,,,,,,,30.0,0.0,,,,,,,,,,0.0,0.0,,,,,
Super League Greece,2019-2020,Paok,c7b13c29,Živko Živković,GK,,,,,,,,,,,,,,,,,,,,,,,,,,,,1800.0,20.0,,,,,,11.0,55.0,2.0,2.0,0.0,0.0,0.0,1800.0,20.0,55.6,20.0,20.0,20.0,0.0,16.0,2.4,40.0,15.0,25.0,1.25,1.0,,,,,,,20.0,0.0,,,,,,,,,,0.0,0.0,,,,,
Super League Greece,2020-2021,Paok,c7b13c29,Živko Živković,GK,,,,,,,,,,,,,,,,,,,,,,,,,,,,1620.0,18.0,,,,,,7.0,38.9,2.0,2.0,0.0,0.0,0.0,1620.0,18.0,50.0,18.0,18.0,18.0,0.0,18.0,1.83,36.0,18.0,18.0,1.0,0.56,,,,,,,18.0,0.0,,,,,,,,,,0.0,0.0,,,,,
Conference League,2021-2022,Paok,c7b13c29,Živko Živković,GK,,,,,,,,,,,,,,,,,,,,,,,,,,,,180.0,2.0,,,,,,1.0,50.0,0.0,0.0,0.0,0.0,,180.0,2.0,5.6,2.0,2.0,2.0,0.0,34.0,1.5,1.0,1.0,0.0,0.0,-0.74,,,,,,,2.0,0.0,,,,,,,,,,0.0,0.0,,,,,
Super League Greece,2021-2022,Paok,c7b13c29,Živko Živković,GK,,,,,,,,,,,,,,,,,,,,,,,,,,,,180.0,2.0,,,,,,1.0,50.0,0.0,0.0,0.0,0.0,,180.0,2.0,5.6,2.0,2.0,2.0,0.0,34.0,1.5,1.0,1.0,0.0,0.0,-0.74,,,,,,,2.0,0.0,,,,,,,,,,0.0,0.0,,,,,
Super League Greece,2022-2023,Paok,c7b13c29,Živko Živković,GK,,,,,,,,,,,,,,,,,,,,,,,,,,,,180.0,2.0,,,,,,1.0,50.0,0.0,0.0,0.0,0.0,,180.0,2.0,5.6,2.0,2.0,2.0,0.0,34.0,1.0,2.0,2.0,0.0,0.0,-0.74,,,,,,,2.0,0.0,,,,,,,,,,0.0,0.0,,,,,
Conference League,2023-2024,Paok,c7b13c29,Živko Živković,GK,,,,,,,,,,,,,,,,,,,,,,,,,,,,180.0,2.0,,,,,,0.0,0.0,0.0,0.0,0.0,0.0,,180.0,2.0,5.6,2.0,2.0,2.0,0.0,29.0,2.0,6.0,3.0,3.0,1.5,0.03,,,,,,,2.0,0.0,,,,,,,,,,0.0,0.0,,,,,
Super League Greece,2023-2024,Paok,c7b13c29,Živko Živković,GK,,,,,,,,,,,,,,,,,,,,,,,,,,,,180.0,2.0,,,,,,0.0,0.0,0.0,0.0,0.0,0.0,,180.0,2.0,5.6,2.0,2.0,2.0,0.0,29.0,2.0,6.0,3.0,3.0,1.5,0.03,,,,,,,2.0,0.0,,,,,,,,,,0.0,0.0,,,,,
Super League Greece,2025-2026,Panetolikos,c7b13c29,Živko Živković,GK,,,,,,,,,,,,,,,,,,,,,,,,,,,,,,,,,,,,,,,,,,,,,0.0,0.0,0.0,0.0,2.0,,,,,,,,,,,,,,,,,,,,,,,,,,,,,,
Friendlies M,2026-2027,Azerbaijan,e4b23838,Əlirza Müştəfazadə,GK,,,,,,,,,,,,,,,,,,,,,,,,,,,,,,,,,,,,,,,,,,,,,,0.0,0.0,0.0,1.0,,,,,,,,,,,,,,,,,,,,,,,,,,,,,,
Friendlies M,2026-2027,Moldova,a6048540,Ștefan Bîtcă,FW,,,,,,,,,,,,,,,,,,,,,,,,,,,,,,,,,,,,,,,,,,,,,,0.0,0.0,0.0,1.0,,,,,,,,,,,,,,,,,,,,,,,,,,,,,,
Wcq    Uefa M,2026-2027,Moldova,a6048540,Ștefan Bîtcă,FW,,,,,,,,,,,,,,,,,,,,,,,,,,,,,,,,,,,,,,,,,,,,,0.0,0.0,0.0,0.0,1.0,,,,,,,,,,,,,,,,,,,,,,,,,,,,,,
Liga I,2018-2019,Concordia Chiajna,28365b68,Ștefan Bărboianu,DF,,,,,,,,,,,,,,,,,,,,,,,,,,,,,,,,,,,,,,,,,,1542.0,17.1,42.8,23.0,17.0,12.0,6.0,16.0,0.74,12.0,32.0,-20.0,-1.17,-0.64,,,,,,,17.1,0.0,,,,,,,,,,0.0,0.0,,,,,
Major League Soccer,2026-2027,Fc Cincinnati,285e7868,Ștefan Chirilă,MF,,0.1,0.0,0.0,0.0,0.0,0.0,0.0,0.0,,0.0,0.0,0.0,0.0,0.0,0.0,0.0,,0.1,11.25,1.0,0.0,0.0,0.0,0.0,0.0,0.0,,,,,,,,,,,,,,,8.0,0.1,0.3,2.0,0.0,0.0,2.0,12.0,3.0,0.0,0.0,0.0,0.0,-0.21,0.5,0.0,0.4,5.02,5.29,,0.1,0.0,0.0,0.0,,0.0,0.0,,,,0.0,0.0,0.0,0.0,0.0,,0.0,0.0
Liga I,2024-2025,Unirea Slobozia,372b8297,Ștefan Georgescu,GK,,,,,,,,,,,,,,,,,,,,,,,,,,,,,,,,,,,,,,,,,,,,,0.0,0.0,0.0,0.0,1.0,,,,,,,,,,,,,,,,,,,,,,,,,,,,,,
Liga I,2024-2025,Universitatea Cluj,b981115c,Ștefan Opriș,MF,,,,,,,,,,,,,,,,,,,,,,,,,,,,,,,,,,,,,,,,,,1.0,,0.0,1.0,0.0,0.0,1.0,8.0,0.0,0.0,0.0,0.0,0.0,-0.33,,,,,,,0.0,0.0,0.0,0.0,,0.0,0.0,,,,,0.0,0.0,,,,,
Liga I,2018-2019,Politehnica Iași,87206db1,Ștefan Popescu,DF,,,,,,,,,,,,,,,,,,,,,,,,,,,,,,,,,,,,,,,,,,,,,0.0,0.0,0.0,0.0,1.0,,,,,,,,,,,,,,,,,,,,,,,,,,,,,,
Coppa Italia,2018-2019,Lazio,53de807a,Ștefan Radu,DF,,24.9,43.0,27.0,24.0,15.0,4.0,25.0,38.0,65.8,13.0,20.0,14.0,6.0,42.0,85.0,1.0,,24.9,1.24,25.0,0.0,0.0,0.04,0.0,0.0,0.0,,,,,,,,,,,,,,,2243.0,24.9,65.6,28.0,28.0,17.0,0.0,2.0,1.54,36.0,26.0,10.0,0.4,0.4,42.3,26.4,15.8,0.64,0.82,,24.9,0.0,9.0,0.0,0.0,0.36,0.0,0.0,,13.8,0.0,0.0,0.0,0.6,0.6,0.07,-0.6,-0.6
Serie A,2018-2019,Lazio,53de807a,Ștefan Radu,DF,,24.9,43.0,27.0,24.0,15.0,4.0,25.0,38.0,65.8,13.0,20.0,14.0,6.0,42.0,85.0,1.0,,24.9,1.24,25.0,0.0,0.0,0.04,0.0,0.0,0.0,,,,,,,,,,,,,,,2243.0,24.9,65.6,28.0,28.0,17.0,0.0,2.0,1.54,36.0,26.0,10.0,0.4,0.4,42.3,26.4,15.8,0.64,0.82,,24.9,0.0,9.0,0.0,0.0,0.36,0.0,0.0,,13.8,0.0,0.0,0.0,0.6,0.6,0.07,-0.6,-0.6
Coppa Italia,2019-2020,Lazio,53de807a,Ștefan Radu,DF,,25.6,43.0,25.0,24.0,15.0,4.0,28.0,43.0,65.1,15.0,19.0,9.0,10.0,34.0,85.0,0.0,,25.6,1.21,29.0,0.0,2.0,0.04,1.0,0.0,0.0,,,,,,,,,,,,,,,2306.0,25.6,67.4,29.0,28.0,18.0,1.0,0.0,2.07,55.0,25.0,30.0,1.17,0.61,44.4,30.6,13.8,0.54,0.3,,25.6,1.0,4.0,1.0,25.0,0.16,0.04,0.25,1.0,26.0,0.0,0.0,0.0,0.1,0.1,0.03,0.9,0.9
Serie A,2019-2020,Lazio,53de807a,Ștefan Radu,DF,,25.6,43.0,25.0,24.0,15.0,4.0,28.0,43.0,65.1,15.0,19.0,9.0,10.0,34.0,85.0,0.0,,25.6,1.21,29.0,0.0,2.0,0.04,1.0,0.0,0.0,,,,,,,,,,,,,,,2306.0,25.6,67.4,29.0,28.0,18.0,1.0,0.0,2.07,55.0,25.0,30.0,1.17,0.61,44.4,30.6,13.8,0.54,0.3,,25.6,1.0,4.0,1.0,25.0,0.16,0.04,0.25,1.0,26.0,0.0,0.0,0.0,0.1,0.1,0.03,0.9,0.9
Champions League,2020-2021,Lazio,53de807a,Ștefan Radu,DF,,27.3,43.0,24.0,20.0,19.0,4.0,25.0,40.0,62.5,15.0,27.0,14.0,13.0,45.0,73.0,1.0,,27.3,1.72,43.0,1.0,2.0,0.22,6.0,0.0,0.0,,,,,,,,,,,,,,,2458.0,27.3,71.9,31.0,30.0,19.0,1.0,0.0,1.9,46.0,36.0,10.0,0.37,0.74,42.4,31.7,10.8,0.39,0.38,,27.3,0.0,6.0,0.0,0.0,0.22,0.0,0.0,,11.4,0.0,0.0,0.0,0.4,0.4,0.07,-0.4,-0.4
Serie A,2020-2021,Lazio,53de807a,Ștefan Radu,DF,,27.3,43.0,24.0,20.0,19.0,4.0,25.0,40.0,62.5,15.0,27.0,14.0,13.0,45.0,73.0,1.0,,27.3,1.72,43.0,1.0,2.0,0.22,6.0,0.0,0.0,,,,,,,,,,,,,,,2458.0,27.3,71.9,31.0,30.0,19.0,1.0,0.0,1.9,46.0,36.0,10.0,0.37,0.74,42.4,31.7,10.8,0.39,0.38,,27.3,0.0,6.0,0.0,0.0,0.22,0.0,0.0,,11.4,0.0,0.0,0.0,0.4,0.4,0.07,-0.4,-0.4
Serie A,2021-2022,Lazio,53de807a,Ștefan Radu,DF,,6.2,9.0,6.0,3.0,6.0,0.0,5.0,9.0,55.6,4.0,7.0,2.0,5.0,5.0,15.0,0.0,,6.2,0.32,1.0,0.0,0.0,0.0,0.0,0.0,0.0,,,,,,,,,,,,,,,556.0,6.2,16.3,10.0,6.0,3.0,4.0,23.0,1.4,12.0,11.0,1.0,0.16,-0.4,8.7,8.6,0.1,0.02,-0.21,,6.2,0.0,2.0,1.0,50.0,0.32,0.16,0.0,0.0,24.7,0.0,0.0,0.0,0.1,0.1,0.03,-0.1,-0.1
Conference League,2022-2023,Lazio,53de807a,Ștefan Radu,FW,,0.0,0.0,0.0,0.0,0.0,0.0,0.0,0.0,,0.0,0.0,0.0,0.0,0.0,0.0,0.0,,0.0,0.0,0.0,0.0,0.0,0.0,0.0,0.0,0.0,,,,,,,,,,,,,,,1.0,,0.0,1.0,0.0,0.0,1.0,31.0,3.0,1.0,0.0,1.0,90.0,89.24,0.0,0.0,0.0,-3.86,-4.12,,0.0,0.0,0.0,0.0,,0.0,0.0,,,,0.0,0.0,0.0,0.0,0.0,,0.0,0.0
Serie A,2022-2023,Lazio,53de807a,Ștefan Radu,FW,,0.0,0.0,0.0,0.0,0.0,0.0,0.0,0.0,,0.0,0.0,0.0,0.0,0.0,0.0,0.0,,0.0,0.0,0.0,0.0,0.0,0.0,0.0,0.0,0.0,,,,,,,,,,,,,,,1.0,,0.0,1.0,0.0,0.0,1.0,31.0,3.0,1.0,0.0,1.0,90.0,89.24,0.0,0.0,0.0,-3.86,-4.12,,0.0,0.0,0.0,0.0,,0.0,0.0,,,,0.0,0.0,0.0,0.0,0.0,,0.0,0.0
Liga I,2023-2024,Oțelul Galați,c8054e2e,Ștefan Teodor Farcaș,DF,,,,,,,,,,,,,,,,,,,,,,,,,,,,,,,,,,,,,,,,,,1.0,,0.0,1.0,0.0,0.0,1.0,16.0,3.0,0.0,0.0,0.0,0.0,0.03,,,,,,,0.0,0.0,0.0,0.0,,0.0,0.0,,,,,0.0,0.0,,,,,
Liga I,2024-2025,Oțelul Galați,c8054e2e,Ștefan Teodor Farcaș,DF,,,,,,,,,,,,,,,,,,,,,,,,,,,,,,,,,,,,,,,,,,1.0,,0.0,1.0,0.0,0.0,1.0,1.0,1.0,0.0,0.0,0.0,0.0,0.0,,,,,,,0.0,0.0,0.0,0.0,,0.0,0.0,,,,,0.0,0.0,,,,,
Liga I,2018-2019,Călăraşi,61250eea,Ștefan Vlădoiu,DF,,,,,,,,,,,,,,,,,,,,,,,,,,,,,,,,,,,,,,,,,,484.0,5.4,13.4,6.0,6.0,5.0,0.0,1.0,1.17,3.0,3.0,0.0,0.0,0.55,,,,,,,5.4,0.0,,,,,,,,,,0.0,0.0,,,,,
Liga I,2019-2020,Cs Universitatea Craiova,61250eea,Ștefan Vlădoiu,DF,,,,,,,,,,,,,,,,,,,,,,,,,,,,,,,,,,,,,,,,,,1554.0,17.3,49.3,20.0,19.0,11.0,1.0,4.0,1.95,28.0,21.0,7.0,0.41,-0.1,,,,,,,17.3,0.0,,,,,,,,,,0.0,0.0,,,,,
Liga I,2020-2021,Cs Universitatea Craiova,61250eea,Ștefan Vlădoiu,DF,,,,,,,,,,,,,,,,,,,,,,,,,,,,,,,,,,,,,,,,,,1867.0,20.7,51.9,27.0,21.0,14.0,6.0,1.0,1.56,21.0,14.0,7.0,0.34,-0.18,,,,,,,20.7,0.0,,,,,,,,,,0.0,0.0,,,,,
Liga I,2021-2022,Cs Universitatea Craiova,61250eea,Ștefan Vlădoiu,DF,,,,,,,,,,,,,,,,,,,,,,,,,,,,,,,,,,,,,,,,,,1444.0,16.0,40.1,26.0,16.0,8.0,10.0,9.0,1.63,21.0,21.0,0.0,0.0,-1.63,,,,,,,16.0,1.0,,,,,,,,,,0.0,0.0,,,,,
Liga I,2022-2023,Cs Universitatea Craiova,61250eea,Ștefan Vlădoiu,DF,,,,,,,,,,,,,,,,,,,,,,,,,,,,,,,,,,,,,,,,,,822.0,9.1,22.8,16.0,11.0,3.0,5.0,2.0,1.63,8.0,9.0,-1.0,-0.11,-0.5,,,,,,,9.1,0.0,,,,,,,,,,0.0,0.0,,,,,
Liga I,2022-2023,Universitatea Cluj,61250eea,Ștefan Vlădoiu,DF,,,,,,,,,,,,,,,,,,,,,,,,,,,,,,,,,,,,,,,,,,952.0,10.6,27.1,14.0,12.0,7.0,2.0,0.0,1.36,7.0,15.0,-8.0,-0.76,-0.72,,,,,,,10.6,0.0,,,,,,,,,,0.0,0.0,,,,,
Liga I,2023-2024,Cs Universitatea Craiova,61250eea,Ștefan Vlădoiu,DF,,,,,,,,,,,,,,,,,,,,,,,,,,,,,,,,,,,,,,,,,,1607.0,17.9,44.6,25.0,19.0,8.0,6.0,7.0,1.72,27.0,21.0,6.0,0.34,0.02,,,,,,,17.9,0.0,3.0,0.0,0.0,0.17,0.0,0.0,,,,0.0,0.0,,,,,
Liga I,2024-2025,Cs Universitatea Craiova,61250eea,Ștefan Vlădoiu,DF,,,,,,,,,,,,,,,,,,,,,,,,,,,,,,,,,,,,,,,,,,1023.0,11.4,28.4,17.0,12.0,7.0,5.0,2.0,1.59,19.0,14.0,5.0,0.44,-0.05,,,,,,,11.4,0.0,4.0,3.0,75.0,0.35,0.26,0.0,0.0,,,0.0,0.0,,,,,
Nb I,2025-2026,Győr,61250eea,Ștefan Vlădoiu,DF,,,,,,,,,,,,,,,,,,,,,,,,,,,,,,,,,,,,,,,,,,146.0,1.6,40.6,3.0,1.0,1.0,2.0,0.0,1.67,5.0,3.0,2.0,1.23,-0.03,,,,,,,1.6,0.0,0.0,0.0,,0.0,0.0,,,,,0.0,0.0,,,,,
